uuid,first_name,middle_name,family_name,gender,birth_date,marital_status,general_practioner,age_years,country,state,city,location_lat,location_long
ad1c2021-e196-38c4-c2a5-c9b5edbd6161,Abram53,Eli762,Hettinger594,male,1961-10-16,Married,,62,US,CA,Santa Ana,33.72361479131018,-117.87396143363635
900c6199-ef17-a5a0-715e-6e59dd3746b9,Adela471,Antonia30,Palomino953,female,1964-11-17,Widowed,,59,US,CA,Los Angeles,34.05443416467046,-118.32310057287853
f5803203-b0cd-9e69-36f6-e2eb61fecdfc,Adolfo777,None,Kutch271,male,2014-01-21,Never Married,,9,US,CA,Simi Valley,34.260700452499,-118.70014169468385
063eaafa-f743-9ce7-989d-7211f9332e9d,Adolfo777,Winford225,Mills423,male,1987-07-25,Never Married,,36,US,CA,San Francisco,37.75903273933182,-122.36797756785347
f6d05aa0-2aa4-a262-73e5-19d0c95ea3aa,Adolfo777,Brady998,Okuneva707,male,2001-12-03,Never Married,,22,US,CA,Oakley,38.01880604704203,-121.72550356088621
ae24ec52-8791-39a7-a153-e632a67e25f1,Alaina222,Crissy767,D'Amore443,female,1962-09-26,Divorced,,61,US,CA,Inglewood,33.997221359326936,-118.32987556258216
b8d53a21-538b-6e24-57e6-c956f3f56382,Alan320,Ernesto186,Schneider199,male,1976-08-10,Divorced,,47,US,CA,Colton,34.07498284846383,-117.26436812061361
01a2fc31-415c-c755-9910-dac05827b876,Alec433,None,Rippin620,male,1950-10-30,Married,,73,US,CA,Vandenberg Village,34.675428296168796,-120.47844061198255
bcdfd9aa-9a75-a4ed-e3ef-1adccb63a162,Alessandra932,Catherin804,Kertzmann286,female,1960-07-15,Divorced,,63,US,CA,Livermore,37.86369206791764,-121.89649105540916
a320c901-3832-f553-e910-27fc4b8efa1b,Aleta47,Shawn523,Morissette863,female,1962-07-04,Divorced,,61,US,CA,Lynwood,33.95511857597407,-118.25350941035924
4d834da9-fb50-534f-da5d-4ca9b888773b,Alfredo17,Raúl937,Sarabia507,male,1968-03-07,Never Married,,55,US,CA,Los Angeles,34.14730072158363,-118.55224655404525
e758aaa0-13b2-dc63-b8d2-2df6e8d4c9e7,Alisia5,Lavera253,Douglas31,female,1958-08-02,Married,,65,US,CA,Anaheim,33.89263390919023,-117.85903441381134
eb8b3158-32d6-7836-eba4-4f8e3141c944,Allen322,Gabriel934,Lind531,male,1947-07-17,Married,,76,US,CA,Castroville,36.83175625925535,-121.79459719977604
1bd96630-b659-16d7-ad37-ad792fdeb25b,Alonzo487,None,Renner328,male,1994-07-10,Married,,29,US,CA,San Bernardino,34.103903174410256,-117.28696946936066
0aab799d-142e-48c2-28e0-dde5bc560532,Altha90,Lavera253,Braun514,female,1963-02-03,Married,,60,US,CA,Newport Beach,33.57722597210732,-117.80901094492846
125b4ed3-472a-cdbd-73e5-31b9f245f1e6,Alva958,Len277,Denesik803,male,1973-04-27,Married,,50,US,CA,Fountain Valley,33.75481113163231,-117.87692827444542
687ec1dd-1818-2201-e890-9d63d83172b8,Alvaro283,Jeremiah751,Armstrong51,male,2012-05-08,Never Married,,11,US,CA,Hemet,33.70174274079604,-116.92021752271125
dad47343-072e-c033-ee38-c42ea266972f,Alysha630,Sima34,Bartell116,female,2016-01-19,Never Married,,7,US,CA,Wheatland,39.0296302266073,-121.42260726875787
b103a857-1e33-5faf-b10b-9935022fcc09,Amado512,Hiram237,Kshlerin58,male,1947-07-17,Married,,76,US,CA,Castroville,36.7611045377796,-121.76711389213526
fe828b67-acbc-2faf-2668-d3937460796b,Amado512,Murray856,Olson653,male,1958-03-19,Married,,65,US,CA,Oceanside,33.19541617397943,-117.27709166241192
69b3934b-dc26-51c1-310b-6e25e86e4702,Ana972,None,Arevalo970,female,1952-03-09,Married,,71,US,CA,Stockton,37.83832987121964,-121.20215640674556
10bda65a-1cde-040f-536c-33c0bf39ddc5,Ana972,Paola523,Waelchi213,female,1940-12-23,Widowed,,82,US,CA,East Foothills,37.391978008381024,-121.85999453887963
5c486ed5-3d20-ddb1-93f3-abc9a9699fc6,Ana Luisa894,Leticia253,Sevilla788,female,1992-01-08,Never Married,,31,US,CA,Irvine,33.67216163257543,-117.7737667714773
d01b2e03-2898-2255-5384-666194ce9b07,Andrea7,Nicholas495,Emard19,male,2017-05-05,Never Married,,6,US,CA,Sacramento,38.512963996407166,-121.50531253670397
49c552c3-717d-75a0-4c48-99dff8d1b026,Angela104,Mae105,Morar593,female,1965-03-11,Married,,58,US,CA,San Diego,32.687350569711434,-117.17497509411957
eb6e81cb-7c88-34f8-cabe-beb04c6fe875,Angelita915,None,Kautzer186,female,1983-01-17,Divorced,,40,US,CA,North Shore,33.49226196279526,-115.87550682701422
7f784612-57bd-8d86-778a-a73d6e045ed9,Anita473,None,Griego535,female,1973-10-14,Never Married,,50,US,CA,South Whittier,33.952861417290144,-118.0299392497702
8dd83671-9f1d-89ba-d7dd-0e586a0e316e,Annabell933,Hayley136,Ullrich385,female,1969-12-21,Divorced,,54,US,CA,San Jose,37.31244313515387,-121.89987617138091
a5a2d5e7-095e-d330-2b56-30f10568cc2e,Annetta101,Carri827,West559,female,1940-12-23,Never Married,,82,US,CA,East Foothills,37.37454995212954,-121.77662847016786
a11da1b6-db8e-aa9f-dad1-782db75abe3f,Antone63,Jefferson174,Kohler843,male,2008-02-10,Never Married,,15,US,CA,Los Angeles,33.951366634758365,-118.24404324890003
29e34eeb-a75b-0760-cb91-bd7323bbda20,Antonia30,Darlene91,Mann644,female,1966-09-01,Married,,57,US,CA,Los Angeles,34.11918478873225,-118.55634697869482
34ed7170-4b1f-38c6-32ff-7be8ed24233b,Antonia30,Fred155,Dickens475,male,1973-05-01,Divorced,,50,US,CA,South San Francisco,37.640884659291245,-122.38204327932584
2856f03c-dac1-c704-9618-4853efe3dfc4,Antonia30,Claudia969,Villalobos491,female,1978-03-24,Never Married,,45,US,CA,San Jose,37.274211555654105,-121.7682841120273
f1f0edc7-d2d2-f214-7361-abaf19fe9462,Ardis509,Lecia978,Hettinger594,female,1942-04-16,Never Married,,81,US,CA,Mission Viejo,33.56703030230151,-117.65427231783447
500c04e0-029b-4ed6-60e7-c1081da120ad,Ariadna374,Luz785,Tirado305,female,1983-08-26,Divorced,,40,US,CA,San Leandro,37.65968950691742,-122.08879891319089
f8b729e1-dc49-411c-1740-21129935091b,Arlen68,None,Hilpert278,male,1980-08-31,Married,,43,US,CA,San Francisco,37.688439145805184,-122.44875475646751
7fa43824-9453-3864-a9cd-00c0b1345cc8,Arlie183,Lynwood354,Balistreri607,male,2015-10-09,Never Married,,8,US,CA,American Canyon,38.399313471847606,-122.21857860726806
3ca6de55-2915-d8fa-60cb-3998d5aabf94,Arnulfo253,Eddy900,Reichel38,male,1958-07-13,Widowed,,65,US,CA,Los Angeles,34.00344707119043,-118.26405662372774
6fb8e099-e28a-69fe-54e0-7c7ff76473f7,Arturo47,Daniel959,McClure239,male,1950-09-07,Married,,73,US,CA,Santa Clarita,34.32693041628461,-118.48422028704626
97eefdd5-96c1-5701-8948-e1fa320e8bdf,Augusta206,Suzy993,Pollich983,female,1964-05-25,Married,,59,US,CA,Auburn,38.864869141536545,-121.16516290188115
73dbf68c-68b3-8a33-f2f5-790baa0c6a16,Aurora248,None,Ernser583,female,1964-01-15,Widowed,,59,US,CA,San Diego,32.85059656657928,-117.13963096615657
bc86d4e3-6df2-4157-d494-676770e7be05,Aurore252,Carissa540,Macejkovic424,female,1948-07-11,Never Married,,75,US,CA,Thousand Oaks,34.19772731454432,-118.8815660848538
334d6bf2-effa-718f-3253-67e3015c6c44,Barney639,Errol226,Doyle959,male,1983-04-22,Never Married,,40,US,CA,Sunnyvale,37.31612058373979,-122.01185345866509
a17700ea-2a24-25a1-6913-3e45d1c07f25,Barton704,Darrick836,Huel628,male,2015-11-11,Never Married,,8,US,CA,Los Angeles,34.23649085915086,-118.63713348718488
093aa0f2-64c0-d209-ffe8-1004f3b66021,Basil991,Florencio463,Bradtke547,male,1992-08-10,Married,,31,US,CA,Portola Valley,37.37348649430781,-122.23484905961149
329d9edf-a352-c178-108d-f358bfc539fd,Benjamin360,Damien170,Buckridge80,male,2009-02-06,Never Married,,14,US,CA,Ontario,34.0077307438426,-117.603830503362
228b96a6-d712-4c48-475b-bf603971ce73,Bernardo699,Nicolás801,Alicea505,male,1949-06-19,Divorced,,74,US,CA,Pomona,34.080273093384235,-117.77592467313356
44578c6b-589c-d900-3423-133082c1ea06,Bernardo699,Samuel331,Balderas66,male,1986-02-15,Never Married,,37,US,CA,Lodi,38.12835339253814,-121.10529628936051
62c84a0f-cdde-2f4f-c454-f4ad9c9a31ef,Bert917,Bradford382,Bahringer146,male,2008-09-27,Never Married,,15,US,CA,Temecula,33.51177831986125,-117.10380699350868
d4f9707f-b4c8-7b6f-a200-87ebf219a9f0,Berta524,Claudia969,Contreras711,female,1997-04-05,Never Married,,26,US,CA,Riverside,34.020742330197365,-117.3571098341598
ae4f38c7-9b9c-63b0-4f79-65b8f28a6e60,Beulah33,None,VonRueden376,female,1966-09-28,Married,,57,US,CA,San Jose,37.39640635108281,-121.79784116886037
b039c456-4eda-d24f-2ebd-ce0a4638327c,Blake449,Edgardo196,Green467,male,1926-04-01,Married,,97,US,CA,Rancho Cucamonga,34.158379019027045,-117.46319394263539
d58a31be-a547-25df-87b0-aab086095db5,Bok974,Francesca650,Wehner319,female,1964-08-03,Never Married,,59,US,CA,Anaheim,33.83999426374348,-117.75836284739965
e30556d2-f8ae-384e-4602-9e4578ca9e59,Brad867,None,Ullrich385,male,1969-10-18,Married,,54,US,CA,Rohnert Park,38.359300322321886,-122.75794789596249
a2ba4707-df5b-21fe-c926-cdfb9ba0869f,Brendon298,Ben667,Kozey370,male,1968-12-22,Married,,55,US,CA,El Dorado Hills,38.669588084350025,-121.06326984909455
1c89f412-cbe8-6cb3-b382-501ba9558b22,Brett333,Glen190,Schiller186,male,1926-04-01,Never Married,,97,US,CA,Rancho Cucamonga,34.10094175448021,-117.55382555139366
cff724e9-e0d0-23d1-f438-ea1ee96c27f1,Bridgett849,None,Gulgowski816,female,1977-07-23,Married,,46,US,CA,Beaumont,33.80997546685588,-116.93167499819184
661616cc-034d-6790-9c73-96e688b47a52,Burl285,Tyrone215,Ankunding277,male,1976-01-28,Never Married,,47,US,CA,Los Angeles,34.11673340959148,-118.38732880879046
668e373f-5228-8689-b6ab-229c09c7e19e,Byron202,Jonathan639,Heathcote539,male,1948-11-22,Married,,75,US,CA,Lynwood,33.95760063574561,-118.23570237460166
955ac7d8-f13f-3b14-2870-709971d6e6cf,Cami698,Hee424,Gottlieb798,female,1990-02-15,Married,,33,US,CA,Susanville,40.53544735458066,-120.23688693483305
b7f6f453-b233-26f8-9b2c-8de21936f409,Carline928,Eldora89,Lind531,female,1966-10-04,Married,,57,US,CA,Ceres,37.57567146931425,-120.95421852495168
8fd30ef9-f037-6aab-b1cc-fafb7dc1ede9,Carlton317,Lyle846,Wolf938,male,1991-01-03,Never Married,,32,US,CA,Santa Ana,33.696435266020146,-117.85294853812735
0947b083-385b-13a2-daa6-74e20ea8aca9,Carmelita854,Ollie731,Lubowitz58,female,1961-08-17,Married,,62,US,CA,Long Beach,33.77948656964193,-118.16486347607837
92df934f-2d1d-7a73-81ee-cc0c9d34e787,Carrol931,None,Cassin499,male,1987-11-09,Married,,36,US,CA,Boulder Creek,37.139967145821686,-122.19630687623254
4cb14cd3-ae12-2f83-17c7-6a5c37b56d92,Cary869,Ian270,Swaniawski813,male,2014-10-15,Never Married,,9,US,CA,Placentia,33.89284220510214,-117.860815798609
f2ac49f9-eea5-cec1-ebec-9c89a2f623b8,Catalina187,Clara183,Alaniz897,female,1996-07-11,Never Married,,27,US,CA,Riverside,33.888680946618926,-117.32197605976155
be0adefb-fdf8-82c6-eae8-5bfc4093eb7b,Cecilia788,Ana Luisa894,Gamboa193,female,1978-03-24,Divorced,,45,US,CA,San Jose,37.36342719822961,-121.86341703044127
4c503a89-ea8a-6ffc-069c-a4457aa63be4,Ceola914,Magaret757,Glover433,female,2015-01-16,Never Married,,8,US,CA,Oakland,37.855898650173664,-122.18365233100644
2d8cccfe-8ac9-f2c3-2bec-88ce0399c15f,Ceola914,Maia476,Hauck852,female,1986-05-25,Married,,37,US,CA,Fullerton,33.84918810513549,-117.93103857906432
ec664249-6cd2-8c64-2a71-11a1632128b8,Chadwick722,Tyron580,Hahn503,male,1950-03-22,Divorced,,73,US,CA,North Tustin,33.808023850171196,-117.74292514326314
b5e45ba0-4bcd-2813-ac03-277a5410d854,Chante435,None,Herzog843,female,1989-08-15,Married,,34,US,CA,Anaheim,33.91350157573175,-117.70885692461918
4b3707d1-4c5e-6280-24e4-c1fb01eda3d6,Charlyn749,Danuta945,Ward668,female,2017-08-31,Never Married,,6,US,CA,Moorpark,34.27866451222687,-118.84619348118889
92026a6a-ae7d-a724-e2a6-4c8e9d353ef8,Cherilyn114,None,Reinger292,female,2016-03-30,Never Married,,7,US,CA,Redlands,34.126000213665286,-117.11343810698735
2ac4124c-34f3-ff6d-009f-22c2823c7049,Cheryle584,None,Mayer370,female,2002-06-18,Never Married,,21,US,CA,Merced,37.26101106060605,-120.57297976004806
8885b2fb-c89d-3721-c445-2a679c239d55,Chi716,Quintin944,Nitzsche158,male,2017-01-29,Never Married,,6,US,CA,Carson,33.888678407054336,-118.21538603438071
56383815-d884-8c57-80d6-310458371893,Chris95,Tresa661,Blanda868,female,1954-03-25,Married,,69,US,CA,San Clemente,33.46852741845684,-117.60496468844318
f23c11ae-c737-43be-1ab4-05d01a610584,Christinia886,None,Wehner319,female,2007-04-04,Never Married,,16,US,CA,Hanford,36.3376824241898,-119.62577810480221
6b03b1df-16d9-f6ff-ff1d-fa63724a619e,Chung121,Shon148,Cummerata161,male,1957-12-08,Married,,66,US,CA,Orinda,37.85352041945897,-122.10559973511381
d9adbe50-47c4-207a-b315-51ef80f246ef,Cicely661,Joelle163,Mohr916,female,1967-11-04,Divorced,,56,US,CA,Foster City,37.574907928264686,-122.25389308828211
e65a8879-eb71-5556-95f4-18a2dfd104ab,Clare187,Janean397,Kunze215,female,2019-10-13,Never Married,,4,US,CA,Santa Rosa,38.49034395530225,-122.80265566129923
ef2f75d7-d719-d1fc-0edb-d58ad158358b,Clarence5,Warner493,Hahn503,male,1951-05-19,Never Married,,72,US,CA,Thermalito,39.48048732848407,-121.5921219250526
113089e3-b572-e042-8af3-cc7593e8ac1b,Claude750,None,Kovacek682,male,1977-01-03,Married,,46,US,CA,Chino,33.934652771927624,-117.7517105560139
10ac7842-655c-a26b-e3ed-6e415a17ad49,Claude750,Migdalia164,Veum823,female,1996-02-20,Never Married,,27,US,CA,El Monte,34.05375119038849,-117.98213283066028
46acdf82-e776-6623-6cd8-5d07d6fcefa2,Claudio955,Kurtis994,Abshire638,male,1965-11-10,Married,,58,US,CA,Fairfield,38.07308860185427,-122.16872237670681
b00ff882-7bdb-6ea5-137c-b7ed5c144e37,Claudio955,Jae222,Blanda868,male,2017-03-05,Never Married,,6,US,CA,San Jose,37.35291415020072,-121.86582246341327
33df2061-b4f6-5e30-9970-398e503ac4ef,Clayton230,Dee580,Johnston597,male,1969-12-15,Married,,54,US,CA,Desert Palms,33.772513191284624,-116.32863802486983
84d01ee8-f6e7-de63-1d0f-0406312c2a52,Clayton230,None,Rohan584,male,1948-10-14,Married,,75,US,CA,San Francisco,37.79474774251072,-122.47437873423125
66d620df-29b2-b3b7-cd7e-1cb6db4ecf33,Clemente531,Rodrigo242,Botsford977,male,1996-08-23,Never Married,,27,US,CA,Jurupa Valley,34.00911572595394,-117.4294239803758
def60402-3baa-dc3e-85b8-a9aec26aeea2,Cleotilde229,Nickie321,Schowalter414,female,1960-07-15,Never Married,,63,US,CA,Livermore,37.84924666544128,-121.9333436111663
030018ef-59f3-704f-2289-ff326181683e,Clinton763,None,Rohan584,male,2020-04-27,Never Married,,3,US,CA,East Los Angeles,34.023407441290004,-118.1367858136356
77437071-0aa3-a1bd-7fd0-f21c2e767dd6,Codi873,Xochitl483,Feest103,female,2006-04-15,Never Married,,17,US,CA,Santa Clarita,34.322062320758526,-118.50707042164002
541682b9-dc07-665a-213a-9cc6abf26583,Colby655,None,Emmerich580,male,1945-05-20,Married,,78,US,CA,Stockton,37.99440679493623,-121.28542575401225
c778437f-0789-f85e-4261-9ec4cd7dd072,Colette720,Vennie613,Kemmer137,female,1960-09-21,Married,,63,US,CA,Costa Mesa,33.63828525677177,-117.88206124280347
d73fd14d-c290-5644-1da6-9cc3e67da731,Columbus656,Benjamin360,Robel940,male,1955-03-18,Never Married,,68,US,CA,Fallbrook,33.41190712963119,-117.23059437980368
cb591e9f-119a-4216-764e-46afc564a0d5,Corey514,Waltraud488,Wisoky380,female,1992-05-17,Married,,31,US,CA,Norwalk,33.839462134880016,-118.05923617998334
935cd66d-de63-8fb1-4ecd-b37cd7e5a752,Cristian531,Rodrigo242,Terrazas956,male,1977-03-23,Married,,46,US,CA,Carmichael,38.57969646362162,-121.36290731982461
69ed1999-5b83-77cc-01e3-6e1468222b80,Cristobal567,Joaquín233,Pizarro791,male,1961-02-06,Married,,62,US,CA,San Jose,37.354969572115515,-121.81224835513716
ad4c4a79-8342-7ff1-74de-d53407864824,Cuc113,Beatrice15,Bins636,female,1991-04-30,Married,,32,US,CA,Huntington Park,33.97555658174987,-118.22335169207707
4ce3673e-c1a1-bbc9-5f61-5d023d3af63a,Curtis94,Yong583,Robel940,male,2015-08-10,Never Married,,8,US,CA,Moreno Valley,33.87461957165888,-117.17584708795243
bd58eac1-e782-cf8e-270d-74921a39a99c,Cyrus914,None,Cremin516,male,2006-10-30,Never Married,,17,US,CA,Manhattan Beach,33.86468260101609,-118.43969865699262
2ac3fb31-6f6f-9d95-64b9-73cf3e758964,Cyrus914,None,Dooley940,male,1983-04-22,Married,,40,US,CA,Sunnyvale,37.41581312383383,-122.01467936327418
f0379226-28e9-20fa-c7e6-4d1db636c893,Daisey627,Agatha2,Collins926,female,2003-11-08,Never Married,,20,US,CA,Pleasant Hill,37.999594026389474,-122.06211760753557
1c766285-2f00-7d8e-7904-37ee8ddf60fa,Dalton260,Garrett899,Labadie908,male,1965-06-04,Never Married,,58,US,CA,Pasadena,34.166180880523505,-118.09753684125148
f44e7505-4f0e-d0f8-2d64-0d3c4c0b2f0e,Damon455,Young120,Murray856,male,1995-12-21,Never Married,,28,US,CA,San Diego,32.77327558014689,-117.19905136523353
35550d57-32bc-196c-4da6-3ad3be7b2056,Dane516,Lenard338,Fay398,male,2006-04-30,Never Married,,17,US,CA,Moreno Valley,33.92682420086908,-117.24853392663775
7e7bf7ba-26ba-93d1-c7f7-84a05cfc0149,Danilo179,Moses679,Kihn564,male,1977-06-11,Divorced,,46,US,CA,San Francisco,37.78495006578416,-122.42228030830884
952786b5-3505-0b6c-a9ae-9b44712e7893,Darius626,Ty725,Hodkiewicz467,male,2015-08-08,Never Married,,8,US,CA,Novato,38.10501876440451,-122.50545767401874
b7de4ec9-55dc-5be3-f4ef-0f83bdeecda7,Darren774,Dexter530,Tromp100,male,2004-11-23,Never Married,,19,US,CA,Willowbrook,33.87378754734438,-118.255253561452
bb420fa1-c16f-1319-2807-9f8c5a5539d4,Darrick836,None,Erdman779,male,1983-06-12,Married,,40,US,CA,Los Angeles,34.011202316185305,-118.47930395271351
d2aca93c-cbc3-b6d0-418e-28775580f02c,David908,Suzann567,Heathcote539,female,1954-03-31,Never Married,,69,US,CA,Dinuba,36.537376556886514,-119.4719258196313
5cd653ce-8f1f-d70d-b7e0-5610dd065829,Deangelo7,Wendell199,Bartoletti50,male,1967-03-19,Married,,56,US,CA,Fresno,36.75517573717859,-119.81502092351558
37bb29b1-6142-dbf8-8455-a2fb317f97d3,Debbi640,None,Borer986,female,2006-04-15,Never Married,,17,US,CA,Santa Clarita,34.48258291459941,-118.64438146902795
0dfcafab-edb7-d062-62d7-1f25a0c9ce95,Deena887,None,Considine820,female,2012-10-27,Never Married,,11,US,CA,Hacienda Heights,34.01996277164491,-117.978709921846
7c971739-3d4b-c032-f20c-9141c77643ed,Del587,Edward499,Gleichner915,male,1976-07-25,Married,,47,US,CA,Stockton,37.87451958992027,-121.3019226301839
114eddd4-6519-13ab-4bda-c46b3a26d456,Delora619,None,Yost751,female,2018-03-17,Never Married,,5,US,CA,Santa Maria,35.004963555266635,-120.52448004674383
fd27fe56-3bba-0c0b-a540-eec008bf664e,Deneen201,Almeda560,McLaughlin530,female,2009-04-22,Never Married,,14,US,CA,Hanford,36.2442264710676,-119.68111003410606
a1630d92-c3f8-2149-abe8-7ec37bc826b2,Dennis979,Yer774,Haley279,female,2013-05-01,Never Married,,10,US,CA,Simi Valley,34.26677863399584,-118.76410662471633
89308caa-9ea3-1f40-a9a1-d822578ff1ff,Dessie725,Brianna665,Jacobi462,female,1944-12-01,Married,,79,US,CA,Santa Venetia,38.002944964529064,-122.49580576100902
9a4f7469-92d6-1b6e-a29c-8121ffc43d60,Devin82,Josef103,Sipes176,male,2014-07-24,Never Married,,9,US,CA,Santa Barbara,34.43082055448989,-119.74390427987197
4076cf2b-16f3-9a1a-8f0c-29d8daa59867,Dia700,Lupita673,Purdy2,female,2021-06-22,Never Married,,2,US,CA,Poway,33.097526617397754,-116.8247888653915
afd185d4-75dd-457b-058e-f08d3f1f6b50,Diana207,Manuela585,Cordero852,female,2004-10-24,Never Married,,19,US,CA,Bell Gardens,34.02320242580999,-118.10797468756293
4f18a5e2-70f4-ad87-5e70-9c1fdd5a3de2,Diedra595,Larry532,Wolff180,female,1954-03-31,Married,,69,US,CA,Dinuba,36.47187356790947,-119.41381281182028
8e347962-fca6-8ba6-1e9f-c8ce9234fb15,Diego848,Gregorio366,Galarza986,male,2003-01-23,Never Married,,20,US,CA,Upland,34.16278736140933,-117.6333460589426
ee57097f-fcac-4910-cea6-7d3e87e408d3,Diego848,Tod265,Runolfsson901,male,1986-09-05,Married,,37,US,CA,National City,32.67441854493955,-117.05776110001433
7137b115-47bf-421c-e5fd-720a2cf411ed,Dominique369,None,Heller342,male,1978-03-25,Divorced,,45,US,CA,Newport Beach,33.581115749320574,-117.91226789320676
c8a15779-546f-16fb-78ee-eb7a96b4a3e1,Don899,Julian715,Howell947,male,1948-10-14,Divorced,,75,US,CA,San Francisco,37.73874890458366,-122.50651651719369
363cc76a-1fd0-38c3-03b9-64dcb6f9cf91,Don899,Domingo513,Tromp100,male,2008-05-01,Never Married,,15,US,CA,Modesto,37.697715551011555,-120.91207910690815
e3b6423e-28e1-c1ad-a965-7e4e6b294926,Doris153,Celinda332,Carroll471,female,1963-07-03,Married,,60,US,CA,Fullerton,33.913860484539846,-117.82361189237092
8b01e65b-2d5c-a880-e2a0-215d754013da,Drew592,Gerardo48,Goodwin327,male,1979-01-26,Married,,44,US,CA,Kentfield,37.925224842823226,-122.60729394733659
7c242f25-f29a-744e-142d-3692b5b8366a,Drew592,None,Sporer811,male,1999-09-24,Never Married,,24,US,CA,Walnut Creek,37.82915212386116,-122.00052371359232
9151a707-8955-c493-3f37-5f75614729a2,Dulce933,Malia984,Wolff180,female,2019-07-25,Never Married,,4,US,CA,Stanton,33.808285570609705,-117.99382887890334
972c7029-f5c8-4716-cf0d-60ed10124a6f,Eddy900,Sammy219,Toy286,male,1976-03-23,Married,,47,US,CA,Pittsburg,37.98484943607694,-121.87099656999638
b72c91b7-4f29-62a9-9a5f-fdc4ffad8189,Eddy900,Brock407,Tromp100,male,2003-04-18,Never Married,,20,US,CA,La Mesa,32.76586488358658,-116.98158971460018
bb46c938-7e0f-685d-66e9-30fd5c3767fc,Eduardo902,Javier97,Soliz209,male,1980-11-23,Married,,43,US,CA,Los Angeles,33.97559985939635,-118.45687140415973
539f87af-582b-299d-531b-897cb12c326b,Edwardo860,Simon598,Ritchie586,male,2006-02-07,Never Married,,17,US,CA,Sun Village,34.48910497936164,-117.95715193960903
c88f0655-302d-bf96-b3c2-73150535da6a,Eileen854,Rita460,Botsford977,female,1971-08-20,Married,,52,US,CA,San Francisco,37.80453788189404,-122.40753837796804
95db858b-1e73-58f0-7b4d-7db3bf14a593,Ellen406,None,Huels583,female,1962-03-28,Married,,61,US,CA,Windsor,38.615628473785044,-122.90835099956143
d09a670e-9f3f-1acd-5b68-5ad288ced23f,Elliott563,Dannie881,Crooks415,male,2005-07-21,Never Married,,18,US,CA,Whittier,33.97287142670863,-117.99123936331578
33137bcd-d622-2e41-f194-91482e73380c,Elsa29,None,Vega377,female,1983-02-20,Never Married,,40,US,CA,San Leandro,37.710499772740455,-122.18974964150024
cfd01443-9a9f-93d8-cb4f-622b5d206c89,Elvira561,None,Cano735,female,2018-08-02,Never Married,,5,US,CA,Stockton,37.9348617495632,-121.38224270063868
6f6d02c0-15bb-7255-151f-6f8e29f57f1d,Emeline473,Naida467,Kulas532,female,1960-11-19,Never Married,,63,US,CA,Napa,38.46572619731251,-122.22742753126813
21a470f5-c323-e803-60cb-803e3f3be205,Emerson869,Blair400,Wiegand701,male,1948-10-14,Married,,75,US,CA,San Francisco,37.708219649053255,-122.42827068209283
a1161749-7357-e92a-fc19-611452fb9986,Emery884,Rubin812,Roberts511,male,1994-01-09,Married,,29,US,CA,Alpine,32.77709504409791,-116.75562552211602
4101b6f3-0b89-f896-5b30-5b46ac9e58b9,Emil691,Efrain317,Hauck852,male,1997-05-18,Never Married,,26,US,CA,Santa Maria,34.86567021086623,-120.40668292977571
3479bc55-4e7f-0e2a-116a-768d1f74ca9a,Emily542,Lois157,Cormier289,female,2022-10-05,Never Married,,1,US,CA,San Francisco,37.776918663714234,-122.51130119226212
0b5cf10f-8a2f-ba14-9f46-ecd3aadb9149,Emory494,Newton741,Murray856,male,1955-03-18,Married,,68,US,CA,Fallbrook,33.38548286619266,-117.20829443595458
72993320-187e-852e-47d0-50ed73992147,Enedina292,Deborah357,Jaskolski867,female,2008-11-20,Never Married,,15,US,CA,Sun Village,34.51456567468011,-118.01666451537402
dca10f9f-0862-ce7e-f442-872103c670bb,Enoch803,None,Price929,male,1968-04-09,Never Married,,55,US,CA,Quartz Hill,34.777242260054614,-118.327530772339
8923010a-ec56-ed50-b538-ceb139710e49,Ernestine645,Fransisca150,Hane680,female,1975-09-16,Married,,48,US,CA,Oakland,37.81565145230585,-122.25591414074
b31b98c5-cc34-637d-81d0-1a6ab88d3130,Ernesto186,None,Oquendo599,male,1967-03-01,Married,,56,US,CA,Los Angeles,34.069817514481905,-118.24055985341683
8ada6916-6850-46e2-ce9b-e9a951521341,Ester635,Alpha246,Durgan499,female,2017-07-16,Never Married,,6,US,CA,Phelan,34.46140347769363,-117.55135672178724
895b6449-8055-0d7f-e274-359f22b1a31e,Ethel888,Berry486,Beer512,female,2000-01-02,Never Married,,23,US,CA,East Los Angeles,34.06146395489965,-118.14958148036021
ab9f7f01-78c8-e12d-0184-a1015da215d4,Evelia928,Telma919,Little434,female,1963-07-03,Never Married,,60,US,CA,Fullerton,33.79382602087929,-117.91998718565871
872b07d6-2aec-59df-d9b1-7d30ed66bde8,Everette494,None,Blick895,male,1950-03-02,Married,,73,US,CA,Camarillo,34.23629773118774,-119.08339971265768
82993913-bf7b-efc5-a967-a11e041e4737,Ezra452,Emanuel231,Dietrich576,male,1956-07-28,Divorced,,67,US,CA,Vista,33.24513955877688,-117.34304663101943
d8f5f954-c5d7-b88d-a506-f306a4ab7f4a,Fallon874,Maryln219,Jast432,female,2023-02-04,Never Married,,0,US,CA,Lodi,38.184581361683335,-121.34021472085723
1353e183-9cda-d8d6-817a-d8992cb4dc4d,Fausto876,Allen322,Schamberger479,male,1950-03-02,Married,,73,US,CA,Camarillo,34.20224682537726,-119.0199008222375
b14d96b4-eafa-d8a2-ef7f-88ffb7408fb8,Fawn386,Lizzie15,Brekke496,female,2010-02-04,Never Married,,13,US,CA,Chico,39.643224453474524,-121.82899422305606
18127cf3-48c5-60a1-b29e-02a6268c2c45,Fawn386,Ellan282,Olson653,female,1980-07-11,Never Married,,43,US,CA,Anaheim,33.771739620412355,-117.86499947367541
92557aad-aa04-b443-978b-26018cf086a4,Federico589,Eduardo902,Corrales691,male,2008-09-02,Never Married,,15,US,CA,Torrance,33.93067519699319,-118.2694889298052
bdeca677-76ad-8b0d-fbe1-3928df860e22,Felice694,Janeth814,Kuphal363,female,1993-10-31,Married,,30,US,CA,Los Angeles,33.83632896446802,-118.27543823204171
a57da34c-6313-9460-70cb-3e3bb8cd87d8,Felicia295,None,Bernhard322,female,1988-02-20,Married,,35,US,CA,Los Angeles,33.8459466358894,-118.36017154293721
fa43b344-913c-5fed-9434-70ecc98b7d16,Felicitas300,Jeraldine574,Lang846,female,1969-05-22,Divorced,,54,US,CA,South Gate,33.961372627989924,-118.1937106852988
6088528d-0fc7-ef8f-f526-411ec6f788b8,Ferdinand55,None,Rippin620,male,2021-10-15,Never Married,,2,US,CA,San Jose,37.33370711517059,-121.87658000465318
6e781cbb-0db4-3955-c72d-723ac5ab3913,Ferdinand55,Kirby843,Simonis280,male,1991-11-07,Married,,32,US,CA,Thousand Palms,33.815760139343936,-116.36189984488675
6bc0e7c0-9708-22d1-6ce7-8f2092a248e2,Florencia449,Eloisa55,Longoria249,female,1982-04-23,Married,,41,US,CA,Alhambra,34.10292086897114,-118.1047688290343
93315bec-db20-56cc-377d-5f64ce9032bc,Florene115,None,Glover433,female,1962-02-17,Married,,61,US,CA,Ridgecrest,35.58927031000092,-117.66957359610437
64f43649-a914-ea64-dff0-72696143cdf5,Florentino8,None,Yost751,male,1941-12-26,Never Married,,81,US,CA,Mira Monte,34.47481695071651,-119.23714274503055
34826a9c-0c6e-d1bf-d745-6eeddd7a193e,Floy720,Beckie79,Goodwin327,female,1988-08-27,Widowed,,35,US,CA,San Francisco,37.706457043643766,-122.40304091218539
d7caf6ca-6dae-9fcb-4937-dd7e430ad6f4,Frankie174,Gary33,Mohr916,male,1996-12-06,Never Married,,27,US,CA,Stockton,38.00377816958798,-121.22934630546895
453a7dc4-eefa-6dee-606c-46b1edfe0ef4,Franklin857,Dustin31,Hahn503,male,1959-12-24,Divorced,,63,US,CA,Rancho Cucamonga,34.12734591846269,-117.64468830784533
a0e70e4c-e153-f07e-fcf0-4910ca85983b,Freddie621,Angele108,Wuckert783,female,1957-04-22,Married,,66,US,CA,South San Francisco,37.666173584688075,-122.41834076147626
d8d8a6e4-1e8b-7614-a9d2-5e8be864cfde,Freeman822,Gilberto712,Dare640,male,1968-05-26,Never Married,,55,US,CA,Santa Cruz,37.05843831461873,-121.9722769155038
5446717a-d41c-7138-0250-044a341b5095,Gabriel934,Dave764,Champlin946,male,1988-10-28,Married,,35,US,CA,Simi Valley,34.25718592905306,-118.80554112670403
19d85f01-2c29-e7dc-69a3-2b076ad3a79f,Gabriel934,Judson999,Collins926,male,1954-08-09,Married,,69,US,CA,West Sacramento,38.54182221750862,-121.68244122299144
0ed42353-a495-b9e0-5b49-1c873546cfc6,Gabriel934,Nam74,Kozey370,female,2001-10-22,Never Married,,22,US,CA,San Jose,37.36301412142788,-121.84886760292518
005dd228-0e52-e768-963e-92346eaa8d59,Gala823,Toi270,Beatty507,female,1964-01-15,Married,,59,US,CA,San Diego,32.97716282507611,-117.13630302933437
b307bd94-0a9c-5481-a0f1-4712e4e7411c,Gale827,Bennett146,Cruickshank494,male,2013-07-31,Never Married,,10,US,CA,Stockton,37.939416433056024,-121.35303958288883
e84f390b-bd50-c478-0fb2-1a19e19824d8,Gayle448,Arturo47,Walter473,male,2015-06-05,Never Married,,8,US,CA,Concord,37.90782038212589,-121.98149477816594
dafd7133-0d79-1a27-ea08-55ed71f3bd42,Gaylord332,Tracy345,Schroeder447,male,1996-07-24,Never Married,,27,US,CA,Madera,36.99920129643126,-120.10075644771894
564ae65d-2e98-dea6-16cc-522b8095dc3e,Genaro214,Douglas31,Ernser583,male,1950-03-22,Married,,73,US,CA,North Tustin,33.749649745678205,-117.78429204757379
0d74347e-29b2-1455-35f8-584371366e1b,Genaro214,Sterling124,Hettinger594,male,1961-10-16,Divorced,,62,US,CA,Santa Ana,33.729074700057055,-117.89683052107807
913eb0d5-ed2b-cf3b-2eba-83939dcaf3a6,Genevieve884,June482,Bernhard322,female,2005-04-22,Never Married,,18,US,CA,Los Angeles,33.93985664561773,-118.30210697032078
bdd308a1-b7ff-57df-dfc3-616e7d1123e9,George991,Quinn173,Heathcote539,male,1955-08-26,Never Married,,68,US,CA,Fontana,34.091721143784234,-117.5174446572504
a10600a8-a875-0fbd-c809-35265c60338a,Georgette866,Lieselotte680,Reichel38,female,2002-02-09,Never Married,,21,US,CA,Madera,36.9023097311671,-120.22116519606105
ae250768-2034-5706-cc3a-43e8c4301f69,Georgianne697,Roberta529,Murray856,female,2009-09-12,Never Married,,14,US,CA,Los Angeles,34.105368683748246,-118.43163997397012
c1b619cf-b67f-6688-975d-886ab01474d2,Gil594,Elliot577,Yundt842,male,1965-04-05,Married,,58,US,CA,Santa Maria,34.923845829193645,-120.26316211407767
9a2485ee-a5d7-c974-5afc-06bd889a8713,Gilberto712,Julio César525,Ochoa950,male,1949-06-19,Married,,74,US,CA,Pomona,34.10219444903285,-117.78749373037606
b4d33d5e-7101-682a-6329-fccc5ab78505,Glen190,Jamar151,Kling921,male,1957-01-10,Married,,66,US,CA,Coalinga,36.23443576910848,-120.41528951808814
24b0bb2b-24df-9081-1beb-c2fc8daa559d,Glen190,None,Witting912,male,1996-05-01,Never Married,,27,US,CA,Delano,35.653062613155626,-119.42937557103436
14ecba17-2617-af6f-b561-215c8072c478,Gonzalo160,Brock407,Jacobi462,male,2000-09-04,Never Married,,23,US,CA,Los Angeles,34.156142492312625,-118.56620200849862
353f7bca-293e-dba1-c509-6128db340702,Graham902,None,Will178,male,1965-02-20,Married,,58,US,CA,San Jose,37.202616908140364,-121.84407593718556
b758b849-7736-9f73-db32-aed1a51a4a9a,Graig740,Douglas31,Nolan344,male,1965-06-04,Never Married,,58,US,CA,Pasadena,34.134522897664304,-118.06286441397182
e5fe3fad-c23b-009c-b181-bea09df8dd3b,Gregorio366,Anderson154,Hane680,male,2019-09-16,Never Married,,4,US,CA,San Marcos,33.18431412444843,-117.16144393618043
991c8881-f418-e1ca-11d1-4b0a1e81288b,Gwyn381,Paz9,Grant908,female,1962-07-04,Married,,61,US,CA,Lynwood,33.9670808396822,-118.27050066905421
fc078ba9-ba10-bb5b-998b-0df9c08cf323,Hana676,Floretta117,Durgan499,female,1973-01-10,Married,,50,US,CA,Orange,33.76991528177151,-117.8121649232765
95300d25-858e-0e02-c1b0-69d1a1f2abe3,Hanh683,Hallie315,Torp761,female,1966-08-26,Married,,57,US,CA,Los Angeles,33.99586239063258,-118.40655653736268
8129012d-feea-1ab6-1e21-90bf5dda7504,Harland508,Warner493,Schaefer657,male,1997-03-01,Never Married,,26,US,CA,French Camp,37.89854421488469,-121.30357392492058
1de31f46-2e57-4636-8b24-ff4b7c1843d2,Hector463,Forest317,Wuckert783,male,1957-06-24,Divorced,,66,US,CA,Maywood,34.00340195376329,-118.21941718549094
249aaf5c-8204-6cdd-55d1-7b9922733a5b,Hedy234,Madalene903,O'Keefe54,female,1944-12-01,Married,,79,US,CA,Santa Venetia,38.00436978969691,-122.54863367295766
616e47d6-00c2-6902-7593-451995805d1e,Hiram237,Dusty207,Moore224,male,2020-04-25,Never Married,,3,US,CA,Victorville,34.47990752450152,-117.33524698972943
25a33511-3c36-77bc-2844-ec467cf2c738,Hisako109,Yajaira121,Osinski784,female,1991-05-17,Never Married,,32,US,CA,San Diego,33.166548024844296,-116.94086852538953
2cb72c2a-9157-2dac-1bd7-9bacffe9d06e,Hollis7,None,Kemmer137,male,1984-04-21,Never Married,,39,US,CA,Oceanside,33.38854860992125,-117.22479169016535
5c888aea-3093-98b4-64ac-d0b48fcfaaa5,Homer307,None,Auer97,male,1978-04-05,Married,,45,US,CA,La Cañada Flintridge,34.11568711321291,-118.17208908340508
95d797de-05d1-17f4-4b16-713c844f0a9a,Hugh686,Walker122,Luettgen772,male,1958-03-19,Married,,65,US,CA,Oceanside,33.17389363643367,-117.2944240967246
2d824e08-014d-a181-cbef-91841aa2d9d3,Hugo693,Felipe97,Vela532,male,1996-02-12,Never Married,,27,US,CA,Irvine,33.67635989062633,-117.66404145472568
5df1514f-1371-e0b8-661a-6e1ef091307d,Hyman89,Tony646,Simonis280,male,2009-07-10,Never Married,,14,US,CA,Eastvale,34.007020739327174,-117.4995987173721
453c17cd-420e-b122-b51f-45c40c5f3c49,Ignacia942,Nubia715,Jakubowski832,female,2015-04-10,Never Married,,8,US,CA,Pomona,34.16522217888889,-117.75816222477793
f48814c0-9c4e-0057-c983-dd69655f2ac9,Isabel214,Inés791,Lozada73,female,1995-12-06,Never Married,,28,US,CA,Los Angeles,34.0210409817066,-118.17994216593574
9e3ee7a1-1548-d63c-3125-b64d9f87daff,Isabel214,Luz785,Llamas954,female,1981-05-20,Married,,42,US,CA,Whittier,34.088345052156754,-118.05250965318338
932686b7-21f4-810f-7044-6e3f03cf554e,Ivana95,Jong718,Conroy74,female,1996-09-04,Never Married,,27,US,CA,San Diego,32.81208219648868,-116.9861615139176
909f479f-5935-94b6-c4d6-cf3a91f00f3a,Ivana95,None,Hessel84,female,2020-06-03,Never Married,,3,US,CA,Poway,32.85914910411445,-117.10756682332007
327c3b6e-1953-70e2-8bd7-fc92d525862b,Ivonne773,Kamilah729,Runte676,female,1958-08-02,Married,,65,US,CA,Anaheim,33.8873508333202,-117.99025646977306
dd773683-bb1a-6e86-4cdc-ee5b6810d299,Jackson413,Merle11,Waelchi213,male,1965-08-26,Married,,58,US,CA,Benicia,38.07042292914062,-122.10037078999093
18dbaa37-867a-6163-b556-98a5c5e64eff,Jacobo456,Federico589,Zayas20,male,2003-12-05,Never Married,,20,US,CA,Los Angeles,33.709314295482464,-118.3220528276531
6a715d74-076a-e708-6baf-de8b02df0d63,Jae222,None,Thiel172,female,1984-11-23,Divorced,,39,US,CA,Hanford,36.220501811973186,-119.64541606965794
364de04e-f49a-933c-3315-40bf10961085,Jaime666,None,Roque844,male,1995-03-31,Married,,28,US,CA,San Francisco,37.71289035693471,-122.43176803972898
e2f09ea8-9024-40ae-4c2a-18b947a0db7f,Jake169,Cole117,Ritchie586,male,1988-10-20,Never Married,,35,US,CA,Rialto,34.140741538715154,-117.45593714761618
3a550ec3-5a79-3555-95b9-5b5db49595bf,James276,Pasquale620,Hartmann983,male,1978-08-13,Divorced,,45,US,CA,Lynwood,33.96139286874763,-118.22709239699714
73536c7d-156a-0eb5-24ea-9130d566cd67,Janean397,Dorla228,Larkin917,female,1952-08-10,Married,,71,US,CA,Rocklin,38.76168813738524,-121.25072109427411
0f5c9b36-c6ca-9436-791f-f5aba0da2ac6,Janel230,Leone669,Rath779,female,2017-10-27,Never Married,,6,US,CA,Los Angeles,34.24862377013265,-118.59333059377462
480d379f-bf63-b9d3-eb9e-9863837f631e,Janelle257,None,Schumm995,female,1963-07-06,Divorced,,60,US,CA,Santa Ana,33.776644296661566,-117.87477562625057
9abf313e-e599-db56-bd64-b56b830d481e,Janita977,None,Stracke611,female,2016-02-05,Never Married,,7,US,CA,San Mateo,37.460196949821714,-122.25014418831731
04c81a44-ef43-fbae-3339-441e5ab3c191,Jarod376,Vicente970,Schneider199,male,2010-06-06,Never Married,,13,US,CA,Inglewood,33.93211034460592,-118.33087205830624
c84a3c60-65af-92de-07e4-f7e27e822133,Jeanna557,Shaunda110,Kutch271,female,2010-02-04,Never Married,,13,US,CA,Chico,39.70327491915804,-121.79938239405357
ac7e64f4-2fe8-03e0-26d8-8f81f19bd41f,Jeff859,Ed239,Wintheiser220,male,1961-10-16,Never Married,,62,US,CA,Santa Ana,33.68589040845153,-117.82515281284381
2da00d64-0336-0f3a-a66c-aa46f4914204,Jeffery551,None,Barton704,male,1996-08-14,Never Married,,27,US,CA,Chula Vista,32.636830886139705,-117.10521220318275
dc1fb334-201e-6aa3-044b-2cbcccaba3f6,Jenice416,Gabrielle769,Bode78,female,1991-11-15,Never Married,,32,US,CA,Sunnyvale,37.36714530389667,-122.04048915599239
b3118e3f-a775-cccb-1e21-6753ea7c1473,Jeramy610,Abraham100,Lueilwitz711,male,2015-01-05,Never Married,,8,US,CA,Spring Valley,32.679856530096636,-116.93877226860008
ad33fee6-8d66-6cdc-260c-637662d74393,Jermaine675,None,Berge125,male,1941-08-21,Divorced,,82,US,CA,Yucaipa,33.96309313845616,-117.16036823607834
74b1b370-cf61-022e-5edc-ad7df326954b,Jermaine675,Arnoldo445,Leannon79,male,1951-05-19,Divorced,,72,US,CA,Thermalito,39.48190342749173,-121.5924950573859
6171666d-48b4-88a7-f38b-8bd040671d84,Jewell855,Anastacia583,Hilll811,female,1970-12-30,Never Married,,52,US,CA,Los Angeles,34.03395389649685,-118.28844782123323
150bbf1a-f244-5a7f-75aa-681ca0d689cf,Johnna810,Jason347,Cruickshank494,female,1960-07-15,Married,,63,US,CA,Livermore,37.708898161799546,-121.70599141630173
03ecc95a-7e30-5cf9-0e5e-243a6dc034d8,Jon665,Hosea56,Eichmann909,male,1964-01-19,Divorced,,59,US,CA,Glendale,34.21115170705629,-118.26845378582671
98941cc8-0c18-db27-dd65-66cd9e78e115,Jonas187,Jarvis643,Hayes766,male,2013-04-08,Never Married,,10,US,CA,Fruitridge Pocket,38.54582467154653,-121.50057098723232
047dd14d-2250-1fd1-71a9-18734c64b4a9,Jorge203,Blaine377,Brown30,male,1950-10-30,Never Married,,73,US,CA,Vandenberg Village,34.67974770283856,-120.46537759980704
db910ab9-7baa-e442-6ac6-9553d27f68ad,Jorge Luis88,Javier97,Galindo802,male,2013-06-30,Never Married,,10,US,CA,Rio del Mar,36.957294770696784,-121.8878646888818
dcdb08e7-60f9-fb7c-54d9-737e24999799,Joselyn874,None,Dickinson688,female,1997-10-19,Never Married,,26,US,CA,Bakersfield,35.60461755670768,-119.01054109467773
e48ee2cc-d4a6-6c00-c2e8-773633e820f1,Joshua658,None,Batz141,male,1995-02-02,Married,,28,US,CA,Lancaster,34.66848939843204,-118.19019406053754
5cf9f4e3-b3eb-ff3e-9376-38425657a0e8,Joshua658,Carol737,Moen819,male,1996-10-28,Never Married,,27,US,CA,Rocklin,38.81132085728699,-121.24913909646853
4d194a43-1c63-567f-55b6-e99a64495d9c,Josphine206,Suzie388,Braun514,female,2001-11-12,Never Married,,22,US,CA,Anaheim,33.84407821876319,-117.91609204511447
ea1d9d57-d247-8b1e-4433-a3987b31b64a,Joye57,Vennie613,Murray856,female,2019-06-22,Never Married,,4,US,CA,Fremont,37.53150745704228,-122.06346296568144
c6d82c31-69a0-3493-b38c-28f9aa73b9c6,Juan88,Claudio955,Nava670,male,1919-02-01,Married,,104,US,CA,Lawndale,33.95869467594232,-118.39096329859606
1391fc6d-d756-2518-83f7-3faed1be171e,Jules135,Amado512,Gusikowski974,male,1960-07-14,Married,,63,US,CA,Alameda,37.7297658815426,-122.23848364154136
fe02df13-8669-192b-5136-c9bdccf8b7eb,Julia241,Clara183,Linares712,female,1962-07-27,Married,,61,US,CA,Montecito,34.45728195064246,-119.5778916087847
b0ad9b4f-0601-a518-d9ae-d590ff1c7580,Julia241,Raquel318,Zarate81,female,2022-07-12,Never Married,,1,US,CA,Lynwood,33.89979815266649,-118.2776092950617
9a98e0d2-3a5b-7188-41b1-93e5370da2d6,Julio255,Esteban536,Chapa957,male,2021-11-12,Never Married,,2,US,CA,Fresno,36.934131585900865,-119.55546129220629
2f946ca5-a4e2-a24a-ccf9-595d805a21e1,Julio255,Leonard963,Fahey393,male,1955-03-18,Divorced,,68,US,CA,Fallbrook,33.37278837500067,-117.16095686787199
6891afd3-05df-2124-eed8-730cb86d0fea,Ka422,Nida800,Smith67,female,2005-06-30,Never Married,,18,US,CA,Huntington Beach,33.69197905809569,-117.92449735124461
b52d2257-6476-0b13-5e69-c19dd678d67c,Kam191,None,Howell947,female,1990-03-24,Married,,33,US,CA,San Diego,33.02116069415581,-117.23542210443304
b2e9abcb-293f-9feb-6033-aec274cf4228,Kareem959,None,Mosciski958,male,2004-01-11,Never Married,,19,US,CA,Walnut Creek,37.835162187060405,-122.03869289746608
c111d68e-08df-cf3b-b14a-9615a79dd605,Karine844,Shan714,Frami345,female,1984-05-13,Divorced,,39,US,CA,Fullerton,33.87850338179771,-117.87759344209246
cd1e17e7-c7c3-da50-8438-848e2ee4a55f,Karl184,Hiram237,Koss676,male,1945-07-30,Divorced,,78,US,CA,Milpitas,37.434158027077956,-121.82865914666384
b3aa23cb-2f42-71b3-76d6-c55cbb6589dc,Kasandra729,Samuel331,Moen819,female,1984-11-23,Never Married,,39,US,CA,Hanford,36.20336799851446,-119.58512865887744
c949bbf6-e517-bda5-fed3-a75d2ffbd965,Kasey569,Phillip440,Will178,male,1969-10-18,Never Married,,54,US,CA,Rohnert Park,38.3745787603916,-122.77897418100211
2cf3788d-32f3-6c91-1a0e-8b36f856319c,Kathrin605,None,Feil794,female,1981-11-12,Never Married,,42,US,CA,Aliso Viejo,33.56500732287578,-117.7403032456632
5fc96ea7-577f-96b3-8f85-4f80e24c55dd,Kaylene27,Britany225,Bradtke547,female,2012-10-25,Never Married,,11,US,CA,Los Angeles,34.08633815063726,-118.4092232383185
2497747d-ecdf-9e4a-4528-355f41ca8e88,Keenan632,Bruce167,Howell947,male,2016-10-13,Never Married,,7,US,CA,Richmond,38.032286213735325,-122.33211001334763
62a9e734-9c6b-841d-5d8c-28d275961046,Kelsie51,Scottie437,Paucek755,female,2006-06-11,Never Married,,17,US,CA,Apple Valley,34.45551523976632,-117.15400528967676
57dddf67-9db8-a3ce-b2a9-02b66aea6fa1,Kelvin159,Cortez851,Huels583,male,1983-06-14,Married,,40,US,CA,San Dimas,34.164631022390004,-117.84612419424178
c5f10d24-3f0c-6ee8-379a-dc8f3ebee8e0,Ken316,Johnathon489,VonRueden376,male,1988-12-13,Married,,35,US,CA,Palmdale,34.620305308754375,-118.04327404368235
1e0ec964-101a-2757-1e5f-8ca3bb8218bb,Kendra609,Mitsue965,Dickens475,female,2002-04-15,Never Married,,21,US,CA,Oakland,37.73772580608422,-122.2544756644714
bfb7fb58-44f2-6310-4379-874f89679468,Keneth579,Wiley422,Ebert178,male,1979-11-17,Married,,44,US,CA,Palmdale,34.61197644984924,-118.03825387422219
73250298-823e-6e5a-a7d7-aa9331762fda,Kenia28,Ossie995,Price929,female,1973-09-08,Married,,50,US,CA,Palos Verdes Estates,33.791954229325576,-118.39614772276776
765bbf78-3420-423c-b6c1-88b0da45aa92,Kenna183,Dollie671,Ankunding277,female,1996-05-07,Never Married,,27,US,CA,National City,32.69160784593704,-117.03757599883934
ad038650-512d-04e5-f8e7-497284b46ec0,Kenny207,None,Stokes453,male,2013-11-03,Never Married,,10,US,CA,Alameda,37.76681675919688,-122.25622675140316
8134f076-c26c-bc9c-dc27-6d5b3485a249,Kent912,Darrick836,Jenkins714,male,1966-09-12,Never Married,,57,US,CA,Livermore,37.8479219640653,-121.92224881154453
f36b56ed-dd5b-daee-d443-a537435e0153,Kenton313,Elden718,Spinka232,male,2001-11-26,Never Married,,22,US,CA,Chula Vista,32.64149374112852,-116.97353722020493
c30b7c4c-55f2-5cd0-dc0b-d8247b0e1217,Kermit56,Rolando809,King743,male,1973-04-27,Married,,50,US,CA,Fountain Valley,33.67840510308517,-117.92727779928805
c564a353-f355-c239-442c-cd500bf86d3c,Kiley170,None,Satterfield305,female,2018-03-10,Never Married,,5,US,CA,Los Angeles,34.34538656069627,-118.39627052095345
7b9bae42-3d76-3d1e-25bb-68b2b5fc9e0a,Kimiko714,Agustina460,Hintz995,female,1965-02-16,Never Married,,58,US,CA,Thousand Oaks,34.182266253060234,-118.90293212856741
a9630750-214c-bf47-4221-0970ac48fd18,Kip442,Hilton264,Bauch723,male,1955-10-14,Married,,68,US,CA,Sonoma,38.2972051321294,-122.48109814122012
0d516338-b9f7-697f-5c1e-1d69bb31508b,Kiyoko456,Tu721,Kuphal363,female,1965-10-20,Married,,58,US,CA,Imperial Beach,32.545746257061765,-116.9847137491909
941e91ee-f5d3-c1aa-8385-4d879d74fba1,Kizzy275,None,Smith67,female,1970-02-27,Married,,53,US,CA,Monrovia,34.142359771099024,-118.01611308164824
47aa25b1-22ba-d1cb-1621-0acf3ead72d6,Kristen940,Arline53,Hodkiewicz467,female,2022-05-24,Never Married,,1,US,CA,Lodi,38.11706881099189,-121.33117704598232
f04823c8-c4ad-a53d-0af3-7845230f6f01,Kristle148,Deedra511,Ernser583,female,1988-11-01,Never Married,,35,US,CA,Vacaville,38.27814620997036,-121.98689900220005
5728fbfb-d1ab-367d-1d91-cfb4bdc4aac9,Krystal150,Merna69,Dickinson688,female,1993-08-14,Married,,30,US,CA,Santa Maria,34.79434156289925,-120.38681524256782
28057377-cd8b-64e9-c773-3e78022a5e7d,Kurt412,Coy949,Cartwright189,male,2017-01-01,Never Married,,6,US,CA,San Jose,37.270426926291286,-121.61524827448548
b218a4af-54e6-4830-66ce-38188e7ceaf0,Kurt412,Archie818,Zulauf375,male,1948-10-14,Divorced,,75,US,CA,San Francisco,37.843582773039266,-122.37430193959003
7b9140dc-de79-a99d-2a30-86f7281758d9,Kymberly381,None,Hintz995,female,1989-05-09,Married,,34,US,CA,Vacaville,38.31852644026517,-122.01373643842851
951670d8-303d-9082-8184-9e5ad6e103d0,Lacresha805,Shanti441,Hahn503,female,1954-03-31,Married,,69,US,CA,Dinuba,36.518784550836585,-119.47625679941638
2e2322b1-199d-999d-51c0-8be8f6341305,Lakia502,Evie333,Walsh511,female,1949-01-27,Married,,74,US,CA,Hacienda Heights,33.95912499631767,-117.95010493014702
3b5ac3be-5433-4cd6-a9af-ec5ed196f900,Lamar193,Burton124,Becker968,male,1954-08-09,Never Married,,69,US,CA,West Sacramento,38.65166603364659,-121.60484567335813
0b1e712a-513e-4e8f-91a5-d5854cbc1214,Lamar193,None,Kertzmann286,male,1948-10-14,Never Married,,75,US,CA,San Francisco,37.792561499006965,-122.49174390621727
2191ab8f-5f01-5cb3-2773-77779e029d79,Landon622,None,Feil794,male,2014-05-12,Never Married,,9,US,CA,Citrus Heights,38.678756402645355,-121.31471787175293
dff76215-3bee-871c-b63a-ecfb49930749,Lane844,Zenia843,Hoppe518,female,2013-10-22,Never Married,,10,US,CA,Huntington Beach,33.745518535927836,-118.01813955050464
74bb6851-efbd-4aa7-f71a-b5029b7c4505,Lane844,Joi660,Waelchi213,female,1985-01-19,Married,,38,US,CA,Solana Beach,32.95678522673621,-117.28912391197369
6e6a4ea3-99bf-eef7-86f1-28ad31c3e270,Lanette41,Jutta270,Pfannerstill264,female,1955-08-02,Married,,68,US,CA,Elk Grove,38.44086553836836,-121.30608383824483
cdee8df9-5f00-fac3-3ac0-4d0143bb75d6,Lashon823,Tamie596,Rodriguez71,female,2003-02-12,Never Married,,20,US,CA,Santa Ana,33.729476316421625,-117.80798798658111
7b80a32a-053f-845f-33e6-0cea20978f8f,Laurie826,None,Shields502,female,1970-10-10,Married,,53,US,CA,Los Angeles,34.226227086548164,-118.40288852258422
f68728b0-a5ff-fe4e-4e0e-3cd66315437e,Laverne101,None,Wilderman619,male,1941-08-21,Never Married,,82,US,CA,Yucaipa,33.99618882344445,-117.01212556899863
b0c38635-e71d-cfec-2e56-928fe1f1bc7c,Lawerence6,Brenton674,Schinner682,male,1959-06-09,Married,,64,US,CA,Fresno,36.77525001444624,-119.67777823306359
b9a3f970-1c81-f98f-3bb4-a206a593edd8,Lawrence741,Kyle55,Stehr398,male,2019-06-03,Never Married,,4,US,CA,Garden Grove,33.848746199852975,-117.99918118928562
901cab14-e11d-c5e9-645a-97a2f281b634,Lazaro919,Edmond919,Padberg411,male,1995-04-28,Married,,28,US,CA,Los Angeles,33.97843944735366,-118.46353616539793
9e19a972-bc85-48ed-7923-c6987bf06dfa,Leeanna836,Annemarie794,Christiansen251,female,1944-12-01,Married,,79,US,CA,Santa Venetia,37.964345555607686,-122.5223414151505
74b42596-b40f-4e1d-84f5-5eb47b0ad725,Leesa210,Jean712,Hintz995,female,1945-08-28,Divorced,,78,US,CA,Duarte,34.13077238936208,-117.96400679105366
42fb752a-61e0-60f0-e709-ae2d22bf7ec7,Leighann368,Sharell873,Hodkiewicz467,female,1962-04-03,Married,,61,US,CA,Milpitas,37.41530199863009,-121.88969935702646
b1bcfd5f-d46d-e0ab-8a04-91cd8d541928,Leland44,Valentine262,Kiehn525,male,1960-03-22,Divorced,,63,US,CA,Long Beach,33.78755536329168,-118.05627553446902
9f5e5ddb-1d81-0ac3-f862-6223ad99d160,Lena684,Alene865,Cartwright189,female,1961-10-26,Widowed,,62,US,CA,San Francisco,37.73688778929401,-122.43136945648968
0de06e89-9583-67c1-3f48-7fe51bd80237,Lenard338,None,Maggio310,male,1961-04-27,Divorced,,62,US,CA,Los Angeles,34.02651957070339,-118.29706426306663
4be23426-e77b-99f7-9823-9a5e1caf02a0,Leonard963,None,Nitzsche158,male,2005-07-06,Never Married,,18,US,CA,Belmont,37.521881707327275,-122.23204412559232
e21b3ac0-8bcd-683e-a9ea-d892c6e572b8,Leonard963,None,Streich926,male,1959-12-24,Never Married,,63,US,CA,Rancho Cucamonga,34.09876277777182,-117.58260908240436
397205d9-7e24-6fdc-9ba0-ee551b358640,Leonora414,None,Streich926,female,1995-01-19,Married,,28,US,CA,Placerville,38.739240896770546,-120.82877819658705
8c02be08-7d5d-b9e7-59f6-bd312b0dcd1d,Leontine92,Aline709,Gleason633,female,1983-05-24,Married,,40,US,CA,Fullerton,33.88164573985248,-117.92648045069062
b06a94af-ef0e-c1a3-2689-9f845827ecde,Leopoldo762,Hollis7,Predovic534,male,1951-05-19,Divorced,,72,US,CA,Thermalito,39.50175080559396,-121.5575253203401
e086220f-07d6-2b3f-306c-9a6a899a85b3,Lesli455,Faustina753,Considine820,female,1978-02-23,Married,,45,US,CA,San Jose,37.309143731168916,-121.86124379710382
a7f8daa2-3b96-5a3d-ac31-b331104eaf00,Lester513,Corey514,Rosenbaum794,male,1978-08-20,Divorced,,45,US,CA,Escondido,33.09063840758373,-117.14658643230985
145bd78a-7022-601a-6515-637e623f3245,Leticia253,None,Barajas558,female,1982-01-10,Divorced,,41,US,CA,Orosi,36.5552651351104,-119.17540500103306
7071564c-bd5f-7e3d-6c08-a2235f5e8f00,Leticia253,None,Cotto891,female,2017-12-15,Never Married,,6,US,CA,Los Angeles,33.940810115078826,-118.33654688838662
104928e9-3557-79a4-5151-56dc79036634,Levi940,Thanh759,Renner328,male,2003-07-29,Never Married,,20,US,CA,Calabasas,34.11435411320006,-118.79785220747878
8c54ddbb-48a0-109d-f9ab-efc4d6e35ffb,Lilia791,Hyun970,Stehr398,female,1956-11-22,Married,,67,US,CA,Irvine,33.67684457147621,-117.82964644737133
84c1ad0c-0a85-65b5-d62d-0716a1a05ba1,Lillie543,Rosanna866,Swaniawski813,female,1976-08-18,Never Married,,47,US,CA,Claremont,34.221293143900006,-117.78857805383821
23f4818f-74d5-28a1-4019-0c683ba427ba,Lindsay928,None,Ebert178,male,1978-06-18,Married,,45,US,CA,Bakersfield,35.43539719116083,-119.11290825718439
481acfbc-c1af-7280-5478-58278aba7b34,Lindsey52,Mardell937,Wiza601,female,1982-09-28,Married,,41,US,CA,Yuba City,39.04658572624882,-121.7185605884257
f1a4722b-1b21-b4d2-3cb3-ce5a6568d9bd,Lindsey52,Antwan357,Rowe323,male,2001-08-01,Never Married,,22,US,CA,Carlsbad,33.145884526751324,-117.24406432915339
0a543200-0f34-cb0f-2410-19dc823b971b,Lisandra920,None,Swift555,female,1956-01-29,Married,,67,US,CA,Santa Paula,34.38894430628591,-119.13642950177271
9f69bcfd-147a-eb92-4350-167b1faa5d46,Lois157,Cathryn51,Cronin387,female,1951-10-29,Never Married,,72,US,CA,San Luis Obispo,35.22842760995499,-120.66281207437682
d08882fc-42b8-230f-1b7d-687d50856183,Lorri590,Ta701,Stracke611,female,2014-10-17,Never Married,,9,US,CA,Santa Ana,33.69718614817384,-117.81493995648978
50239eb0-e191-ffcc-7cf3-7c509b41d03b,Louis204,None,Feil794,male,1960-07-14,Married,,63,US,CA,Alameda,37.81572169813527,-122.25044211187134
7c7a9997-8395-4155-313e-7b705cce0be4,Lucas404,Harlan808,Ledner144,male,2020-01-03,Never Married,,3,US,CA,La Mirada,33.96116326556265,-117.99939517916464
d2418bbd-61cf-10dd-e0aa-4fa3d48f868b,Lucio648,Billy698,Schultz619,male,1965-12-20,Married,,58,US,CA,San Ramon,37.83796061167624,-121.88495463072377
2ec03981-051b-a9ad-e66a-97bb6544b0e5,Ludivina884,Selene142,Morar593,female,1954-04-04,Never Married,,69,US,CA,West Covina,34.08857090138821,-117.83466090129836
50f5cbee-e0c3-845c-2ff2-80a1280cffdc,Luis923,Cristobal567,Collado928,male,1968-02-10,Married,,55,US,CA,Chula Vista,32.69923249408554,-117.09228556738012
a7986504-db6e-4fa4-0332-2a6d9c45b700,Luis Miguel102,Germán350,Heredia716,male,1984-04-22,Married,,39,US,CA,Stockton,37.90805125549357,-121.28159473288163
c5788b49-8f50-0fd7-83cb-fe9d9f8194f9,Luz785,Maricarmen445,Ramos754,female,1994-02-18,Never Married,,29,US,CA,Bakersfield,35.374667238657295,-118.99386560355414
b1d6a736-ea78-1aec-fbce-e783ae91dff4,Luz785,Rosa195,Villarreal550,female,2014-03-27,Never Married,,9,US,CA,Sunnyvale,37.39053737359209,-121.96857226029248
27089c96-e7de-73ff-68be-cb6998ffd702,Lynn917,Maynard46,Robel940,male,1986-07-11,Divorced,,37,US,CA,Lincoln Village,37.9709682486355,-121.30154850496642
4b1cea6c-b519-6a7e-4f42-75e6f1ed20ad,Lynna524,None,Bergnaum523,female,2005-03-14,Never Married,,18,US,CA,Culver City,33.98900173545874,-118.3719864333121
26b1cec1-045d-580d-8b26-d6980ab582df,Lynne528,None,Medhurst46,female,1967-01-09,Married,,56,US,CA,Menifee,33.707795267388974,-117.21795353359055
679e6693-84f8-ed22-8503-19eac1f45871,Lynnette27,Sharee66,Hudson301,female,2022-07-09,Never Married,,1,US,CA,San Pablo,37.95802830877119,-122.30535275700346
f73eb688-7a0a-0c60-13c3-98fad4507888,Madalyn472,Tangela812,Cole117,female,1996-11-26,Never Married,,27,US,CA,Chula Vista,32.71453130668659,-117.11150099619951
bf2e97c4-c721-8d26-7ada-85b6c9484bb3,Maira380,Nakisha629,Mitchell808,female,1964-01-12,Married,,59,US,CA,Gonzales,36.498067310117634,-121.39859780053902
e1c87ae9-2528-aed1-ce6c-592c8611a687,Marcel580,Donn979,Gottlieb798,male,2019-12-09,Never Married,,4,US,CA,Los Angeles,34.225051239724294,-118.52895809768222
8b871afe-3068-2430-b6fc-4063ea2df891,Marcell728,Brittney657,Watsica258,female,1945-03-31,Never Married,,78,US,CA,San Francisco,37.729592141124805,-122.40322888207372
d46fdc79-0c21-67ef-00f4-85c6dbee14eb,Marcos263,Alfredo17,Viera553,male,2004-08-28,Never Married,,19,US,CA,Riverside,33.9601529162623,-117.32752522450856
190e6087-e173-f29e-cc0d-55480913836c,Marcus77,Chi716,Lehner980,male,1988-09-23,Never Married,,35,US,CA,Salinas,36.67508722336033,-121.6478072125467
97fe9bcf-4b7d-ec75-3933-2103070dfc66,Margarita164,Elena945,Collado928,female,1992-09-29,Married,,31,US,CA,Los Angeles,34.037733739411266,-118.40631016560815
0e7c503d-b16d-6364-1261-028e1388d403,Margert370,Carie544,Hirthe744,female,2017-08-04,Never Married,,6,US,CA,Temescal Valley,33.71885798529451,-117.45535789695916
7721d495-578c-3695-cadb-737c15eb069d,Maria750,Teddy976,Tromp100,male,1947-12-18,Married,,76,US,CA,Foster City,37.6035519243523,-122.26044632287419
777c0ba4-139f-e0a7-1af9-66b75359d1a8,Mariano761,Sergio619,Mateo562,male,1968-03-07,Divorced,,55,US,CA,Los Angeles,33.78024954133998,-118.26455357042256
106fb100-f095-4521-10c7-930dabd67f97,Mariel814,Ja391,Hane680,female,2000-10-31,Never Married,,23,US,CA,Milpitas,37.430810972156735,-121.84327816598969
9c2dbe1b-dc52-b7b8-fae9-57d098126f81,Marilu588,Michelle423,Roob72,female,1975-10-07,Married,,48,US,CA,Torrance,33.83160434159268,-118.40784834143831
9339e225-952d-492e-c527-3890d4c08b2c,Mario764,Winford225,Altenwerth646,male,1962-05-17,Divorced,,61,US,CA,San Luis Obispo,35.2079007794145,-120.62036108269864
3a5d760d-5764-89e6-d36d-b8cca94e97e6,Marion502,Orval846,Hettinger594,male,1978-04-17,Married,,45,US,CA,El Monte,34.094424363812806,-118.08561378809668
b4db4402-ae3b-363d-86c1-61ebfd906899,Marisol435,None,Valdivia496,female,2011-04-10,Never Married,,12,US,CA,Los Angeles,34.1428025721741,-118.40976234511236
549e02b7-19d9-c3e4-787a-e5ac6470cc8b,Mark765,None,Fritsch593,male,2000-07-28,Never Married,,23,US,CA,Rocklin,38.76699381543331,-121.20042609358514
04157f75-da4e-eade-950b-ae4b0c7ae95d,Marketta481,Mika226,Braun514,female,1954-04-04,Never Married,,69,US,CA,West Covina,34.097763437924115,-117.85514116408326
671a3c18-51ef-31cf-e900-1f2838bcbd71,Markus389,Bob965,Reilly981,male,2017-02-20,Never Married,,6,US,CA,Antioch,37.953734202988706,-121.77463158352171
1c41f233-c0c0-1311-a9c5-e62c6bd20ffa,Martha161,Harriet337,Kassulke119,female,1988-07-20,Married,,35,US,CA,Los Angeles,34.131542752783425,-118.47208138941531
7c4d9b74-00ed-ee54-72dd-d8adc25c37c7,Mary779,Amado512,Graham902,male,1996-12-14,Never Married,,27,US,CA,El Monte,34.08253752551056,-118.08376639194948
00597240-53de-acda-7273-3da1b8785d64,Maryln219,Dionna991,Stoltenberg489,female,1985-06-12,Married,,38,US,CA,Pomona,34.03636001216381,-117.73179271989493
4c33e5ab-4d00-fe1e-4f99-f3d1cfcf35f3,Masako522,Akilah516,West559,female,2012-10-22,Never Married,,11,US,CA,Orange,33.81715640984909,-117.81276200555014
885bfffe-6dc6-2248-f7f6-686a77549e7e,Mason910,Ozzie259,Larson43,male,1956-01-08,Married,,67,US,CA,San Francisco,37.77046141749762,-122.45146176808905
f4cd49d7-12f0-5657-fea6-fc7a83afd0c9,Mathew182,Antoine384,Farrell962,male,1951-05-19,Married,,72,US,CA,Thermalito,39.5063278627996,-121.5747889419048
2f0230a4-9077-afd8-c2af-5942156d8cc5,Matt836,None,Trantow673,male,1965-11-10,Never Married,,58,US,CA,Fairfield,38.23025335641086,-122.13961412265171
686af86f-bd69-ea14-6dfb-22a725ae016b,Mavis612,Minta575,Labadie908,female,2008-03-03,Never Married,,15,US,CA,Lompoc,34.584783899396314,-120.4227805467248
7be8eeee-3383-908d-82d3-a300502ce079,Maxwell782,Ollie731,Dooley940,male,2006-03-29,Never Married,,17,US,CA,San Diego,32.75995018127399,-117.0643918414479
a6a9019c-5199-c4aa-21f2-7c4392dffe09,Meaghan273,Kelsie51,Braun514,female,1974-07-07,Divorced,,49,US,CA,Upland,34.14424534824345,-117.63340996368973
1b3f5f2b-13be-4d43-242c-f80cf109c5a5,Melanie283,Donna446,Toy286,female,1978-07-15,Married,,45,US,CA,San Bernardino,34.14269363086637,-117.28583146172645
cbf09f08-fc78-02cb-6dfa-14ebcfc6c084,Melvin857,Cole117,Bode78,male,2006-02-06,Never Married,,17,US,CA,Anaheim,33.896611099427645,-118.00912354535467
e109498f-37fc-0455-6937-c16c9f9f50a2,Merilyn246,Monet875,Streich926,female,1977-12-05,Never Married,,46,US,CA,Los Angeles,33.84226133966321,-118.31531160671808
6881633c-eb64-3740-01b8-e94be737c44c,Merlin721,Ian270,Becker968,male,1990-05-27,Married,,33,US,CA,Fresno,36.86447636615097,-119.75385847452016
1aaf621a-48b0-5cf7-8f36-28d00eb2559f,Merna69,Heike726,Funk324,female,1954-07-05,Married,,69,US,CA,Rancho Cordova,38.5106688766889,-121.28245043481643
3fabf6d0-9586-0121-53c7-2dde5276cd37,Merry217,Rosana394,Ullrich385,female,2001-11-12,Never Married,,22,US,CA,Anaheim,33.826762427091914,-117.98341769788672
4bf114ac-e5e4-7d12-1508-e11f60c4399e,Michael441,None,Volkman526,male,2004-10-14,Never Married,,19,US,CA,Vista,33.14004133068783,-117.26074364852789
24caa2d1-070a-0d52-06fc-b37643e82cdc,Michal596,Ashley34,Lakin515,male,1975-11-16,Married,,48,US,CA,Alhambra,34.11346759931302,-118.11750374765074
1f99b299-06ca-2b67-2a45-06fd68e12ef5,Micheal721,Dario75,Moore224,male,2005-03-14,Never Married,,18,US,CA,Menifee,33.7139288510358,-117.17733002178711
33af8837-6779-567a-4ee1-51d51afb92bb,Mickey576,None,Boehm581,male,2013-02-15,Never Married,,10,US,CA,Chualar,36.54123240917315,-121.41756614828448
3ab2d449-d69f-d265-e5ac-1ad687f90867,Mika226,Clare187,Wolff180,female,1961-12-28,Widowed,,61,US,CA,Santa Clara,37.31807619166254,-121.87660652668451
1d4918fd-586f-3406-726e-de8ecce621d7,Mikaela760,None,Harber290,female,1978-05-21,Married,,45,US,CA,Garden Grove,33.760849710988616,-117.94556424148132
ded9c44d-ff44-05a4-e4d4-ce865da9700f,Mikel238,Domingo513,Kunze215,male,1980-08-05,Married,,43,US,CA,Lake Elsinore,33.66326555024218,-117.26087630278359
bd7851c1-0af2-357b-5560-c90fc755b73e,Milda157,None,Lebsack687,female,1947-11-15,Divorced,,76,US,CA,Winton,37.395306033138255,-120.54274732094343
3ed1f733-8fee-8d0a-3237-ed748d7212d6,Mildred587,Vanita165,Heaney114,female,1945-03-31,Never Married,,78,US,CA,San Francisco,37.69606421885354,-122.41249420044652
3c5182b9-29d6-12da-c46f-56523082d783,Milo271,Hiram237,Conroy74,male,1945-07-30,Married,,78,US,CA,Milpitas,37.425454169901286,-121.84212508328646
d819aa10-5275-fcf4-e760-9fd3d243bfa3,Milton509,Donn979,Schmitt836,male,2000-04-02,Never Married,,23,US,CA,Grover Beach,35.00947390122719,-120.57722242427491
514b705b-533d-a898-c519-ec7b6da42a1f,Milton509,None,Waters156,male,2008-08-03,Never Married,,15,US,CA,Los Angeles,34.247794014491134,-118.65296396876239
5a366ffd-e58f-ba68-46b6-ef11b1f42d70,Mitchell808,Leslie90,Schmidt332,male,1977-03-18,Married,,46,US,CA,East Sonora,37.924609048537086,-120.32405184502589
a4f0ae74-7d79-7110-e18c-dab50fedfa38,Miyoko154,None,Sawayn19,female,1998-01-20,Never Married,,25,US,CA,Montclair,34.11005501456846,-117.7269627251848
8a06db98-2523-a2c6-c783-62fb0a8d1d77,Mona85,Shonda871,Farrell962,female,1988-09-26,Married,,35,US,CA,Santee,32.94964644122738,-116.85849556675743
7a31d080-e7f6-80c1-bdb6-d6e94ecfb8c7,Myron933,Armando772,Boehm581,male,1976-05-07,Married,,47,US,CA,Los Angeles,33.75748909545473,-118.33818181291362
80398b18-5f8a-c765-4a20-bb6ed4a39ac5,Nathalie366,Arminda86,Jacobi462,female,1973-03-19,Married,,50,US,CA,Dublin,37.67798739416301,-121.88971070013707
19fff242-1199-c886-7b58-777a4a01dbcf,Nathanael908,Lemuel304,Nolan344,male,1986-04-23,Married,,37,US,CA,Huntington Park,33.947830505598816,-118.28894008018487
cb6cad81-8c8d-27fa-4664-c6b0b08bc057,Nathanael908,None,Pacocha935,male,1970-10-10,Married,,53,US,CA,Alhambra,34.127278708117444,-118.05283387839549
c36e573c-1bb3-ae71-0878-68e37185a7a7,Necole468,None,Bailey598,female,2008-09-18,Never Married,,15,US,CA,Placentia,33.90214728676894,-117.89268377503585
3db6ff9c-2e1c-c4fb-4527-e6ca5d9ba6b8,Neil122,None,Parisian75,male,1945-07-30,Divorced,,78,US,CA,Milpitas,37.445991150653896,-121.88894359850948
91356f77-d3d1-69ca-101d-a049f8d745cf,Nenita289,Stephane228,Bayer639,female,1982-07-16,Divorced,,41,US,CA,Lamont,35.28831301718674,-118.92841448906556
1a6c2a58-f82c-aeb7-291c-761e515a2b7f,Nickolas58,Denny560,Hermann103,male,1948-10-14,Divorced,,75,US,CA,San Francisco,37.83714305382943,-122.36788707369782
983dc696-f7b3-197e-2705-cfd800081920,Nigel915,Michael441,Gislason620,male,1965-08-18,Divorced,,58,US,CA,Rancho San Diego,32.77151166420592,-116.88135835375083
bfe3a35f-930f-c66b-ea1b-216ccbc4ee07,Nigel915,Vaughn909,Schoen8,male,2022-04-01,Never Married,,1,US,CA,Los Angeles,34.25480860733278,-118.56531229461942
15468564-8e20-ec07-928a-e42098da5473,Nobuko304,None,Fisher429,female,1991-09-24,Married,,32,US,CA,Ontario,34.04081247051503,-117.5915984338292
c6ef5026-8bc1-c03e-942a-17b7225cd712,Nohemi878,Louella862,Cummerata161,female,1968-10-27,Never Married,,55,US,CA,Rodeo,37.992039470551916,-122.26030908259972
81ed7431-e2ca-1f45-1fd3-0caff5513651,Nolan344,Phillip440,Cormier289,male,2012-11-23,Never Married,,11,US,CA,Los Angeles,34.15787542365733,-118.46182681797775
651a4572-3ef8-d878-e7cf-fe601937a43f,Nolan344,Sterling124,Streich926,male,1950-03-22,Divorced,,73,US,CA,North Tustin,33.719611546110634,-117.8381829433579
0707790a-44df-0caf-2ec3-d8cb4d2cb806,Norman647,Dominga527,Dibbert990,female,1999-04-29,Never Married,,24,US,CA,Florence-Graham,33.93158595130117,-118.22102030993557
e6651b56-1223-97e3-7b77-0f1aaaac0b0b,Olen518,Franklin857,Franecki195,male,1945-05-20,Married,,78,US,CA,Stockton,37.985910589554685,-121.38583983320865
36ccdc11-8ef2-f066-3718-fcd7cd0be176,Olimpia983,Joannie32,Hettinger594,female,1979-04-18,Divorced,,44,US,CA,Santa Clarita,34.4600103029044,-118.41645424790869
a378be88-02ef-0220-3692-e0c2ab99a580,Olivia294,Ana Luisa894,Menchaca276,female,1996-08-21,Never Married,,27,US,CA,Menifee,33.74106216882033,-117.21172599943407
c6827966-a246-63f1-4010-1825c8829693,Omer483,Jules135,Parisian75,male,2020-05-01,Never Married,,3,US,CA,Berkeley,37.845536656427356,-122.26913643037899
dea19ad9-d0c3-8aca-df8c-a7dc8590141b,Otelia900,India495,Johns824,female,2016-08-02,Never Married,,7,US,CA,Bellflower,33.937697001193094,-118.16975176571155
95b9143e-c7ed-83e6-60fb-ef525dac815b,Otto672,Paul232,Gutmann970,male,1964-06-29,Married,,59,US,CA,Bay Point,38.00152445651461,-121.95020114420477
0b7c8336-fe32-98ef-edc8-01bfea662fb8,Pablo44,Jorge203,Schamberger479,male,1967-07-14,Widowed,,56,US,CA,Laguna Niguel,33.49238131658028,-117.68530435463558
c82bd6c3-7df1-f749-af61-9dbaa73bb1d9,Pam996,Margo702,Aufderhar910,female,1974-07-21,Married,,49,US,CA,Coachella,33.43727956661387,-116.08202289475635
662feb50-715d-afa0-bec2-5594a5d409a7,Paul232,Garrett899,Wiza601,male,1966-04-23,Divorced,,57,US,CA,Irvine,33.694869412030435,-117.7668960515789
d3c0e60f-3c38-4883-e9b6-f0fe305e58af,Pedro316,Julio255,Morales679,male,1992-06-24,Married,,31,US,CA,Long Beach,33.86946546465772,-118.11805065246168
93dce581-e804-b79c-1822-1d20a4228c4e,Pedro316,Miguel Ángel46,Salazar800,male,1997-06-18,Never Married,,26,US,CA,Anaheim,33.76946954279002,-117.85735393026393
5c5ca71e-9f35-fba7-2953-13e5ee74a77f,Pedro316,Louie190,Schmitt836,male,1956-05-02,Married,,67,US,CA,Norwalk,33.91273529226004,-118.01904124082918
87723cc7-cd69-1736-9865-39277d9c46b9,Perry780,None,Quitzon246,male,1974-12-27,Divorced,,48,US,CA,Monterey Park,34.045301322829665,-118.1433651603848
a96afa55-05b4-71f0-4780-1bb35ddcf07e,Pete38,Clarence5,Abbott774,male,1975-08-13,Married,,48,US,CA,Bakersfield,35.39234137967927,-119.07277590177492
a774268c-dea3-673d-a94d-2c1fae6fa084,Peter292,Val761,Ferry570,male,1956-01-08,Married,,67,US,CA,San Francisco,37.80481643603609,-122.45404164524841
9d464078-9ed3-c6ed-1f8b-3edd4cb1a960,Peter292,None,Harris789,male,1973-06-21,Never Married,,50,US,CA,Fullerton,33.87235890552602,-117.91441577921692
88c89284-cfb6-a6a2-db4b-7fc585a857ee,Philip822,Lenard338,Lesch175,male,1954-07-23,Never Married,,69,US,CA,Long Beach,33.816229996943925,-118.10049892062642
c9a9c93b-2667-f432-4a13-707194560b98,Phillip440,Cletus494,Gulgowski816,male,1989-10-10,Never Married,,34,US,CA,Los Angeles,34.10614410007195,-118.27824607942709
5de5390d-2ea6-50f9-b744-e5669069a117,Philomena945,Sarah635,McKenzie376,female,1966-05-26,Married,,57,US,CA,Anaheim,33.8088895231709,-118.01530763742208
5345c6d5-9b89-0bae-1662-65db3f887bbb,Phyllis779,Cari853,Langosh790,female,1959-05-08,Widowed,,64,US,CA,El Sobrante,37.919012375842534,-122.3229405280116
34553da0-f78c-f142-ba98-bdde655c98e4,Pilar644,Natalia964,Bustamante966,female,1995-10-14,Married,,28,US,CA,San Diego,32.731445560446545,-117.11459895791663
80116771-d02a-0160-d940-4c27d02fca93,Ping698,Staci390,Trantow673,female,1944-12-01,Divorced,,79,US,CA,Santa Venetia,37.96722311801095,-122.45661161661725
bb2f8859-1054-f294-72bd-f75785eed8a4,Porfirio146,Allan198,Aufderhar910,male,1984-03-03,Married,,39,US,CA,San Francisco,37.78659537278761,-122.39124782555035
18a13deb-bd0d-7cb3-6b20-c81c0a99e5ff,Porfirio146,Tommie457,Will178,male,1950-03-02,Widowed,,73,US,CA,Camarillo,34.18757791654863,-119.04208483234468
4460558f-9b30-4b5d-9a8e-ea72defa5d2b,Preston275,Alphonse92,Hintz995,male,1977-03-13,Married,,46,US,CA,Bakersfield,35.473251532245136,-118.78766002489702
c7e07f2d-eb55-567b-95cd-65c989c27632,Prudence900,None,Rutherford999,female,2012-12-29,Never Married,,10,US,CA,Costa Mesa,33.634295919541536,-117.94212316643132
689bd5f1-89a7-5310-d7b3-ceb2ba344863,Quincy153,Cliff504,O'Kon634,male,1956-01-08,Married,,67,US,CA,San Francisco,37.80482498160657,-122.45656018433831
fc383d30-2eb9-6ad1-7594-b70d52d55a0b,Rafaela464,Babara869,Olson653,female,1964-10-15,Widowed,,59,US,CA,Vacaville,38.239386119916105,-122.1528866808164
b5b2822b-ca55-45b5-7a3e-6ef2de7309d7,Ramiro608,Robby860,Goodwin327,male,1960-07-14,Never Married,,63,US,CA,Alameda,37.69933028455975,-122.22691956660111
221e65d2-5108-b0f1-0861-41c05970218e,Ramiro608,None,Romo23,male,2021-07-25,Never Married,,2,US,CA,Long Beach,33.85917486395191,-118.18322777069686
ae51ba9c-5246-093b-cb34-5f327d569dec,Ramon749,Carol737,Mills423,male,1965-09-01,Widowed,,58,US,CA,Emeryville,37.87615638786387,-122.25554595560095
4a03dc74-6cac-14ae-3895-e4ab60ce70dd,Randall756,Toney527,Wilderman619,male,1974-05-10,Divorced,,49,US,CA,Buena Park,33.86578404467366,-118.0382923700387
48a23dca-aed8-4541-5089-1add63203337,Raul814,Federico589,Durgan499,male,2014-02-03,Never Married,,9,US,CA,Lakewood,33.87587829231474,-118.08401739382995
809c7b02-43fc-d176-8122-37db81fa60a7,Rebeca548,Cristina921,Pelayo88,female,2000-10-04,Never Married,,23,US,CA,Inglewood,33.949992248567774,-118.42568753300293
273e46e6-5a8e-c250-f947-4625659594e2,Regan713,Kellie778,Willms744,female,1950-04-03,Never Married,,73,US,CA,Tustin,33.73189775981711,-117.80837977427939
225e1f14-bb5a-6acb-d562-9b2caa468750,Regenia619,Mark765,Wiza601,female,2011-10-19,Never Married,,12,US,CA,Baldwin Park,34.129016801218704,-117.97275112047923
8c246909-f6e1-fa02-f163-74ef8c56cc3c,Reina25,Conchita9,Arguello39,female,2009-06-20,Never Married,,14,US,CA,Los Angeles,34.2144417742576,-118.44254174249932
e127f8ef-8b67-9722-5ed6-b407a1457723,Reina25,None,Figueroa648,female,1987-12-22,Married,,36,US,CA,San Bernardino,34.06704485600353,-117.29923045128665
cfc4d94c-2098-3f44-d92c-e58173619667,Richie600,Sterling124,Homenick806,male,1989-06-15,Married,,34,US,CA,Oxnard,33.992562685077225,-119.41275745616836
00014d80-3396-1b1f-569d-7d53de256fa7,Roberta529,Devorah937,Crist667,female,1988-05-01,Married,,35,US,CA,Citrus Heights,38.671973951388864,-121.30883417624142
1fa61184-5c6c-6716-caf9-86163dbbd4e9,Roberto515,Raúl937,Olivas524,male,1978-09-16,Divorced,,45,US,CA,Bakersfield,35.419634169236005,-118.98764366892694
f574e24a-670e-5d7d-c026-9d4af1bb924c,Robt687,None,Lindgren255,male,2003-06-27,Never Married,,20,US,CA,Fruitridge Pocket,38.498930069215874,-121.4362229712546
16d02862-33a4-fadf-7be6-1a5b0410faee,Rocio28,None,Delatorre612,female,1979-12-19,Married,,44,US,CA,Ontario,34.01288675673448,-117.557463209244
189837be-d8f2-ad2b-f24c-e97e57c8313a,Rodger755,Jay242,Corkery305,male,1963-08-31,Never Married,,60,US,CA,San Diego,33.16841464638559,-116.94271619996508
f21e6fe1-3917-4f65-d6b2-8905f831aa02,Rodolfo763,Antoine384,Nader710,male,2004-06-14,Never Married,,19,US,CA,Vista,33.218548862041146,-117.18575276433589
cb535121-1156-7efd-913c-ae7db19609ae,Rodrigo242,Hugo693,Varela93,male,2008-12-05,Never Married,,15,US,CA,Chico,39.648347960539866,-121.80365393573018
dc3addaf-b41a-9a51-ac6f-9fb29670cb88,Rosa195,None,Toy286,female,1960-11-19,Divorced,,63,US,CA,Napa,38.349876409135476,-122.24181452819249
cfa7c713-3b77-b949-b85e-d6af7cb3c552,Rosalia943,Gloria696,Serrato62,female,1962-07-27,Married,,61,US,CA,Montecito,34.475001760166606,-119.64859273591564
04823c39-9a32-8aef-bfe6-0127879d2d70,Rosalinda949,Jacqualine965,Powlowski563,female,1940-12-23,Never Married,,82,US,CA,East Foothills,37.42478816428286,-121.78936021591663
9987dbe3-42f1-17f5-911f-eb217985c6ae,Roseanna881,None,Kuvalis369,female,1988-07-20,Married,,35,US,CA,Lynwood,33.91440462702577,-118.23366510721482
151193cb-639e-f8b2-5b33-af2b432b8dcd,Rosendo998,Patrick786,Ebert178,male,2006-04-27,Never Married,,17,US,CA,Westminster,33.76844077993601,-118.07006158863105
b67beb3c-84a5-a944-8e4c-91aee98349d8,Ross213,Noel608,Langworth352,male,1956-01-08,Married,,67,US,CA,San Francisco,37.7830567498607,-122.51883460692031
82c2ea1e-1502-07f5-4ce0-57ac6b95a538,Roy364,Genia944,Luettgen772,female,2011-02-17,Never Married,,12,US,CA,Ford City,35.13234227383149,-119.42790392850488
b0dea432-9382-1b02-0dfc-1c8cfac7ce2e,Rufus33,Quincy153,Herman763,male,1960-02-05,Never Married,,63,US,CA,Corona,33.91683640439996,-117.54956754876262
07a87ea3-1582-43e1-bace-4a6c27b8f9db,Russel238,Jeffery551,Kub800,male,1960-07-14,Married,,63,US,CA,Alameda,37.7107161794178,-122.21756954184434
2b42ed68-cf3d-64b1-c4b8-58000a6a2edf,Russell422,Fernando603,Kilback373,male,1971-07-03,Divorced,,52,US,CA,Orangevale,38.71550427147353,-121.23345373053203
3ceeaf9c-368d-3c8f-e71d-784a3c876fc9,Ruthann382,Allena79,Mueller846,female,2004-06-30,Never Married,,19,US,CA,Fort Bragg,39.44993232287203,-123.72556929992773
467d9e97-3c4c-e55a-1702-63b046cc17df,Ruthann382,Florentina22,Satterfield305,female,2001-11-02,Never Married,,22,US,CA,Oceanside,33.22447698061849,-117.27930053446896
11c49aaf-e882-f56e-55f7-9f62a571f9b2,Sal878,Newton741,Dare640,male,1999-07-05,Never Married,,24,US,CA,Rowland Heights,33.953431295416,-117.90085299332725
4751e359-dca9-06ac-e6cb-6318784c40ae,Salvador46,Miguel815,Uribe503,male,2001-01-31,Never Married,,22,US,CA,Fullerton,33.970410909811584,-117.93139579480408
4501db70-e17e-60ec-c7d1-7f3c387cc703,Sandie760,Robyn562,Dickens475,female,1989-11-28,Never Married,,34,US,CA,Dana Point,33.38768135033496,-117.57392051429463
f43d4be0-8f90-7859-4bcb-2ed9725b22ea,Sandy901,Mario764,Hickle134,male,1964-07-04,Divorced,,59,US,CA,Amesti,36.98955957851554,-121.80700115425381
74be69c0-76b2-a80b-1e05-d96d80eaa067,Sandy901,Marleen824,Roob72,female,1959-08-05,Married,,64,US,CA,San Jose,37.42965567906487,-121.73604602404416
edab677e-b938-d364-2b9b-ab0558e42d7c,Sergio619,Merrill415,Lang846,male,2009-06-08,Never Married,,14,US,CA,Perris,33.76748416841147,-117.21160221445973
c36b7bc6-0627-498a-a990-07ad41122bc4,Shanika235,Debbra216,Kuhn96,female,2008-09-26,Never Married,,15,US,CA,Long Beach,33.83279261587753,-118.12210094552722
d421d99b-4be4-640d-68f9-99af17c39941,Shantay950,Retta782,Mertz280,female,1993-03-02,Married,,30,US,CA,San Diego,32.76680481397805,-117.09336999268113
7fd02048-830b-35ce-4b65-211f8f88c057,Shelia548,None,Walker122,female,2005-06-21,Never Married,,18,US,CA,Modesto,37.65763354660122,-120.87362594216306
6fbd588d-358f-c97b-5cb7-666407589ffe,Shellie908,Coletta724,Weissnat378,female,1966-01-20,Widowed,,57,US,CA,San Francisco,37.745795195099745,-122.4565304343492
3f00d2b5-1178-3219-e9e9-04d6ebeae227,Shonta375,None,Denesik803,female,2000-04-24,Never Married,,23,US,CA,Los Angeles,34.069659047506406,-118.50334416570973
56c8c402-0eb4-ebfa-e1ec-e4e0625613b7,Sid118,None,Becker968,male,1949-01-09,Never Married,,74,US,CA,Stockton,37.911613464131484,-121.13904205902239
6aca3b93-2ae6-fd67-4ebd-b5243143972e,Sidney996,Monnie762,Tillman293,female,1950-04-03,Divorced,,73,US,CA,Tustin,33.75928956517726,-117.82644770790337
a8335683-c456-e930-5ba6-02e369b00254,Silva841,Lashunda872,Jaskolski867,female,1988-11-03,Never Married,,35,US,CA,Ceres,37.64014474232517,-121.1288640066874
d3d1c500-bc91-93ba-726e-5819efe2ecc9,Silvia880,Adriana394,Banda20,female,1959-08-27,Divorced,,64,US,CA,Huntington Beach,33.80637733014421,-118.06918503746101
22724b87-1e0e-7e51-ca2d-c7bd56c108c6,Simon598,Abdul218,Okuneva707,male,1951-05-19,Married,,72,US,CA,Thermalito,39.501959515970334,-121.5583353074125
54edc276-c2d7-2a09-2578-f765bdb5298d,Sofia418,Luisa710,Zambrano764,female,1983-08-08,Married,,40,US,CA,Buena Park,33.8804216021735,-118.07154427040585
d472bd2c-c090-84ab-82bf-ca20d49eb25e,Sondra191,Alvera113,Willms744,female,1977-04-16,Married,,46,US,CA,Bakersfield,35.3762385370056,-118.78820329479545
d35c2c02-38d7-7814-0a7b-0abeff2c4a6e,Sonia106,Rebeca548,Palomo90,female,1950-03-17,Married,,73,US,CA,Banning,33.97806992676664,-116.99234186214912
68cf6e05-8d6e-49e0-f1c7-ba0abac0ee6f,Soo315,Salena230,Frami345,female,1971-03-27,Divorced,,52,US,CA,French Valley,33.58412874219387,-117.0613350089579
7182ee83-83d8-2ae6-4188-188c65e60665,Soon875,Shira43,Buckridge80,female,1986-05-25,Married,,37,US,CA,Fullerton,33.96695986807177,-117.86859714813262
5b45e798-1c48-3673-c7b1-9e866379ad74,Sparkle906,Lue764,Walker122,female,1977-02-13,Married,,46,US,CA,Chino,33.968856663046864,-117.60676079720012
8cee24d7-fe58-cda7-d17e-3918f2f3fd55,Stan246,Mac103,Homenick806,male,1955-08-26,Married,,68,US,CA,Fontana,34.18643880499521,-117.4307962653634
2c68e75c-6ca3-ea69-bab2-9409d2758402,Stefan297,Basil991,Heathcote539,male,1964-11-07,Married,,59,US,CA,Stockton,37.98404552385777,-121.16029127711359
1df734a5-1530-80d0-4d63-85c6057e167c,Stepanie29,None,Rosenbaum794,female,2018-06-19,Never Married,,5,US,CA,Anaheim,33.90927924581038,-117.69106431312869
01f6f631-f99c-3130-f20f-5f8527baf450,Stewart672,Dylan44,Russel238,male,1999-11-10,Never Married,,24,US,CA,San Diego,32.57301939290437,-117.05211364617351
d94369cb-2b14-ce9d-3542-75ffce68afcc,Stuart913,Waldo53,Mohr916,male,2017-06-14,Never Married,,6,US,CA,Turlock,37.56456605588781,-120.67156442169889
b8f21cb2-89dd-da69-4266-b50800065e86,Susana117,Lilia791,Duarte203,female,1977-05-24,Married,,46,US,CA,Upland,34.10404680873449,-117.60124646245849
c6de85aa-b25d-2cb9-6640-a8f1d8894f61,Susannah249,Marisela850,Ruecker817,female,1923-03-25,Married,,100,US,CA,Compton,33.924547678420666,-118.16210745645141
b48f9146-527d-6636-74e4-5701b5ff6ec9,Suzy993,None,White193,female,1991-11-15,Married,,32,US,CA,Sunnyvale,37.30221327601059,-122.07874582395051
c4c7083e-806f-45a2-4a68-4409884d354a,Tama137,Janyce124,Blick895,female,1998-04-08,Never Married,,25,US,CA,Los Angeles,34.053772856328834,-118.42730934422501
f4db1df5-5a8b-9ac5-70c0-61b81a60b655,Tamesha39,Sadie426,Boyle917,female,2012-03-05,Never Married,,11,US,CA,Hesperia,34.41595302840217,-117.37402908332291
250274b9-af82-a7d6-868a-e189e4bd2665,Tanesha560,Eliza161,Leannon79,female,1967-05-30,Married,,56,US,CA,Fresno,36.80372035863192,-119.82736868606294
6262e62d-7f1c-fd0a-2bd6-3ad297dc79b5,Tera136,Joel444,Herman763,female,1965-05-25,Married,,58,US,CA,Arroyo Grande,35.086923063839095,-120.58753899871216
b81d6b47-6e1c-5855-c698-d6de283693c3,Teresa94,None,Garay400,female,1987-03-04,Widowed,,36,US,CA,Maywood,34.0099067822453,-118.26134905057917
ac5c7aee-c8df-7258-930d-2fb3c9517b5a,Terry864,Gerard367,Bayer639,male,2018-12-02,Never Married,,5,US,CA,Buena Park,33.81852052449255,-118.07535139538301
1f57550a-4ae6-9af9-99d8-a12b5f6aeb60,Tessa832,Euna523,Langosh790,female,1951-07-14,Married,,72,US,CA,Folsom,38.65230672247864,-121.10451014093353
3884af8f-cdc2-aed7-2cac-30d7bad3ce87,Thelma273,Treena759,Moore224,female,2011-11-24,Never Married,,12,US,CA,Santee,32.85914716503679,-116.8607822417379
846d9fa2-db10-745d-5aeb-b9c0fe2a74d6,Theressa101,Francisca486,Stroman228,female,1990-05-17,Married,,33,US,CA,Montebello,33.99970857445499,-118.06717795289254
358b4bd5-1fec-550e-9386-59e7a31ea96c,Tillie335,Yang129,Ankunding277,female,1947-11-15,Never Married,,76,US,CA,Winton,37.4076004622362,-120.59864164902113
74719260-fdb1-45dc-dbed-0b2a9bd958ec,Toby274,None,Dare640,male,1948-10-14,Married,,75,US,CA,San Francisco,37.79243763707154,-122.39220330281684
1e1ce4f1-81c7-8225-e09f-c856763829c5,Tonie631,Hildegarde627,Jacobson885,female,1961-10-02,Married,,62,US,CA,Lancaster,34.652614265555286,-118.25097786043902
037465eb-d855-b44a-15b8-1ca477b025f7,Treena759,Celine582,Crona259,female,1959-08-05,Divorced,,64,US,CA,San Jose,37.23706117632667,-121.85049435619682
719ceb1b-7471-2910-094c-7b2632ff5c77,Treena759,Mayra756,Wehner319,female,1993-04-24,Married,,30,US,CA,Los Angeles,34.238739095774015,-118.62181034536486
c64b8c60-619a-fb7c-10e4-3af114a706ac,Trent525,Orlando897,Wiza601,male,1941-08-21,Married,,82,US,CA,Yucaipa,34.07293641903577,-117.14607751671855
2e6e0ea3-68b7-a7d0-eb33-522e2aabdf22,Trenton748,Zackary401,Streich926,male,2004-06-09,Never Married,,19,US,CA,Los Banos,37.11427266004886,-120.80687149562702
702557b5-8f92-b83a-54d8-97e402999ce7,Treva754,Alfredia958,Larson43,female,1986-10-14,Married,,37,US,CA,South San Francisco,37.613741432186586,-122.4606951133728
4524df36-cd66-d5ce-cdc0-3103355a90d3,Trevor374,None,Schaefer657,male,1960-01-13,Married,,63,US,CA,Winton,37.432373612356834,-120.56716636259559
00533867-396d-04f1-3d74-b23945b66aec,Tyler508,Edda876,Ratke343,female,1942-04-16,Married,,81,US,CA,Mission Viejo,33.53832795376146,-117.68974747467541
78707c4b-fcc6-6e24-65ea-9ba53f023167,Valarie790,Marchelle563,Volkman526,female,1986-08-10,Married,,37,US,CA,Bakersfield,35.22818023392175,-119.13085748365597
44baf3a6-a63c-da40-2add-6c56e7d26352,Valentin929,Terry864,Wintheiser220,male,2023-07-10,Never Married,,0,US,CA,Brentwood,37.902288246941765,-121.68549710469573
56160926-2d6e-1658-34d6-1054f7e9faa0,Vanita165,Linsey338,Orn563,female,1947-03-10,Married,,76,US,CA,Santa Clara,37.39692468499225,-122.01002108778547
371e2471-f385-2fda-3029-ef4209aa4b13,Vannessa721,Evangeline16,Fisher429,female,1960-07-26,Married,,63,US,CA,Sunnyvale,37.353368212410516,-122.04731986437824
371fe029-83a0-763b-eb85-ae7c128d849b,Verona337,Carli641,Howell947,female,1944-12-01,Never Married,,79,US,CA,Santa Venetia,37.98077574032511,-122.50980607585439
a16d7d96-abae-64e5-da6a-42cd691db1fe,Victor265,Octavio643,Harvey63,male,2009-10-17,Never Married,,14,US,CA,Spring Valley,32.74818557872861,-116.97329266696023
ba85ce65-f7da-7b15-346b-ea437b20559c,Victoria535,Nola814,Mann644,female,1997-03-02,Never Married,,26,US,CA,Los Angeles,34.06816577720339,-118.2484193007646
2ce9714d-9a76-6fb6-7a03-331433be5570,Vilma125,Kandis954,Emard19,female,1999-01-11,Never Married,,24,US,CA,Stockton,37.85376067808609,-121.16901862303011
bc50c113-90fd-6cdc-a1a4-c9ba17b12317,Virgil85,Bryon392,Lindgren255,male,2006-10-16,Never Married,,17,US,CA,Garden Grove,33.80351689160658,-118.01958860772558
b1d1a095-6f21-f62f-fc08-3f9b135bbcfc,Virgilio529,Gerardo48,O'Keefe54,male,2019-11-21,Never Married,,4,US,CA,Oakland,37.81030372613258,-122.25185059785595
15f180d8-7d35-b7b0-7dd8-cbdb8393c64f,Virgilio529,Billie243,White193,male,1981-05-13,Married,,42,US,CA,Brea,33.8951595028285,-117.83072071630284
8a7fb4ab-ec18-6438-db00-2243a81e9cca,Viviana350,Lakiesha286,Rice937,female,1973-01-10,Divorced,,50,US,CA,Orange,33.811728084913085,-117.83647950710859
f6ba41d5-b086-0e08-ff48-7fff77b74d0f,Vivienne78,Tyra356,Tromp100,female,2007-03-15,Never Married,,16,US,CA,San Jose,37.35723849801637,-121.8727801670717
11e9d8cc-519b-1f80-dd3a-0b32079ba2c2,Waldo53,Everett935,Block661,male,2012-12-17,Never Married,,11,US,CA,Modesto,37.67473292274293,-120.955140923462
69baa092-9f9b-207a-2ef1-1717cdcc64a5,Wendie72,Gita759,Stiedemann542,female,1953-10-30,Divorced,,70,US,CA,San Diego,32.862910730054125,-117.13468470831252
20cf0072-9337-b9ab-b2f5-1880c09e6b65,Wiley422,Irvin970,Daugherty69,male,2023-11-03,Never Married,,0,US,CA,Los Angeles,34.11113644143745,-118.35466702940482
eb29b499-9ecf-894a-d902-c6f63913cc18,Wilfred787,Jeffrey461,Stanton715,male,1962-06-24,Married,,61,US,CA,Santa Barbara,34.375006383820036,-119.75098052969271
89091df3-0a80-563e-aea8-04e1ab9de03d,Willard975,Darrell400,Gusikowski974,male,1985-03-07,Never Married,,38,US,CA,Hawthorne,33.927550285219326,-118.30034805245778
3867afea-e218-9761-d5a0-91fb2db15683,Willena258,Annette105,Anderson154,female,1990-01-28,Married,,33,US,CA,San Diego,32.7057245354934,-117.16559658596539
8feeec3b-006e-4b2a-b1cd-d69d296c6294,Wilton999,Carson894,Pollich983,male,2001-05-18,Never Married,,22,US,CA,Rancho Palos Verdes,33.761143417507796,-118.37618456448821
f850f1c5-eb6f-83d9-50ff-f29edcbdac87,Yadira684,Angelo118,Walker122,female,1953-05-02,Married,,70,US,CA,Spring Valley,32.76966748421918,-117.00263014335462
f46c323e-c05e-0702-37a9-baf5ad968e81,Ying817,None,Marks830,female,1950-08-07,Married,,73,US,CA,Oakland,37.68786554499043,-122.186165376101
53b2b5ca-6416-c08c-cf60-af32aaf5a11e,Yolando662,Daina567,Gleason633,female,1969-12-17,Married,,54,US,CA,Manhattan Beach,33.882189235383485,-118.41311365214736
e5875311-6c90-21d9-51ea-6b748cf1bd6a,Yulanda554,None,Bauch723,female,1960-09-21,Never Married,,63,US,CA,Costa Mesa,33.65109229122322,-117.84392318276196
a98de52b-bdc0-a0b7-40eb-a401cef13f90,Zelma45,Georgann131,Little434,female,1964-12-23,Married,,58,US,CA,Rosamond,34.84433516396793,-118.3230368412503
